date,year,Weekday,weekdayf,week,monthf,RN,PropertyCode,StayMonth
2018-03-26,2018,1,Mon,13,Mar,14,ZIL,2019-12-01
2018-05-02,2018,3,Wed,18,May,9,ZIL,2019-12-01
2018-05-22,2018,2,Tue,21,May,10,ZIL,2019-12-01
2018-05-25,2018,5,Fri,21,May,12,TRO,2019-12-01
2018-07-09,2018,1,Mon,28,Jul,9,ZIL,2019-12-01
2018-10-01,2018,1,Mon,40,Oct,14,RAV,2019-12-01
2018-10-17,2018,3,Wed,42,Oct,4,CDM,2019-12-01
2018-10-24,2018,3,Wed,43,Oct,14,RAV,2019-12-01
2018-11-12,2018,1,Mon,46,Nov,9,LAG,2019-12-01
2018-11-12,2018,1,Mon,46,Nov,14,ZIL,2019-12-01
2018-11-16,2018,5,Fri,46,Nov,20,CDM,2019-12-01
2018-11-23,2018,5,Fri,47,Nov,1,ZIL,2019-12-01
2018-11-28,2018,3,Wed,48,Nov,1,PCH,2019-12-01
2018-11-29,2018,4,Thu,48,Nov,1,ZIL,2019-12-01
2018-12-03,2018,1,Mon,49,Dec,7,RAV,2019-12-01
2018-12-07,2018,5,Fri,49,Dec,3,FRI,2019-12-01
2018-12-11,2018,2,Tue,50,Dec,1,CDM,2019-12-01
2018-12-11,2018,2,Tue,50,Dec,7,ZIL,2019-12-01
2018-12-17,2018,1,Mon,51,Dec,1,RAV,2019-12-01
2018-12-18,2018,2,Tue,51,Dec,23,EBA,2019-12-01
2018-12-20,2018,4,Thu,51,Dec,9,LAG,2019-12-01
2018-12-21,2018,5,Fri,51,Dec,14,LAG,2019-12-01
2018-12-26,2018,3,Wed,52,Dec,10,RAV,2019-12-01
2018-12-31,2018,1,Mon,53,Dec,2,ZIL,2019-12-01
2018-12-31,2018,1,Mon,53,Dec,6,RAV,2019-12-01
2018-12-31,2018,1,Mon,53,Dec,14,EBA,2019-12-01
2019-01-02,2019,3,Wed,1,Jan,6,TRO,2019-12-01
2019-01-03,2019,4,Thu,1,Jan,7,ZIL,2019-12-01
2019-01-03,2019,4,Thu,1,Jan,21,RAV,2019-12-01
2019-01-03,2019,4,Thu,1,Jan,14,EBA,2019-12-01
2019-01-03,2019,4,Thu,1,Jan,5,TRO,2019-12-01
2019-01-04,2019,5,Fri,1,Jan,15,ZIL,2019-12-01
2019-01-04,2019,5,Fri,1,Jan,9,LAG,2019-12-01
2019-01-07,2019,1,Mon,2,Jan,13,EBA,2019-12-01
2019-01-07,2019,1,Mon,2,Jan,10,TRO,2019-12-01
2019-01-07,2019,1,Mon,2,Jan,4,PCH,2019-12-01
2019-01-07,2019,1,Mon,2,Jan,9,RAV,2019-12-01
2019-01-07,2019,1,Mon,2,Jan,28,ZIL,2019-12-01
2019-01-08,2019,2,Tue,2,Jan,5,CDM,2019-12-01
2019-01-08,2019,2,Tue,2,Jan,48,ZIL,2019-12-01
2019-01-08,2019,2,Tue,2,Jan,11,FRI,2019-12-01
2019-01-08,2019,2,Tue,2,Jan,25,RAV,2019-12-01
2019-01-08,2019,2,Tue,2,Jan,25,LAG,2019-12-01
2019-01-08,2019,2,Tue,2,Jan,13,TRO,2019-12-01
2019-01-09,2019,3,Wed,2,Jan,12,RAV,2019-12-01
2019-01-09,2019,3,Wed,2,Jan,9,ZIL,2019-12-01
2019-01-10,2019,4,Thu,2,Jan,11,RAV,2019-12-01
2019-01-11,2019,5,Fri,2,Jan,10,PCH,2019-12-01
2019-01-11,2019,5,Fri,2,Jan,17,ZIL,2019-12-01
2019-01-14,2019,1,Mon,3,Jan,9,CDM,2019-12-01
2019-01-14,2019,1,Mon,3,Jan,39,ZIL,2019-12-01
2019-01-15,2019,2,Tue,3,Jan,4,EBA,2019-12-01
2019-01-15,2019,2,Tue,3,Jan,15,LAG,2019-12-01
2019-01-15,2019,2,Tue,3,Jan,12,CDM,2019-12-01
2019-01-15,2019,2,Tue,3,Jan,29,ZIL,2019-12-01
2019-01-16,2019,3,Wed,3,Jan,21,ZIL,2019-12-01
2019-01-16,2019,3,Wed,3,Jan,14,TRO,2019-12-01
2019-01-16,2019,3,Wed,3,Jan,9,REC,2019-12-01
2019-01-17,2019,4,Thu,3,Jan,1,CDM,2019-12-01
2019-01-17,2019,4,Thu,3,Jan,14,PCH,2019-12-01
2019-01-17,2019,4,Thu,3,Jan,8,ZIL,2019-12-01
2019-01-18,2019,5,Fri,3,Jan,8,PCH,2019-12-01
2019-01-18,2019,5,Fri,3,Jan,22,ZIL,2019-12-01
2019-01-18,2019,5,Fri,3,Jan,3,FRI,2019-12-01
2019-01-21,2019,1,Mon,4,Jan,17,REC,2019-12-01
2019-01-21,2019,1,Mon,4,Jan,10,TRO,2019-12-01
2019-01-21,2019,1,Mon,4,Jan,6,EBA,2019-12-01
2019-01-22,2019,2,Tue,4,Jan,1,EBA,2019-12-01
2019-01-22,2019,2,Tue,4,Jan,9,LAG,2019-12-01
2019-01-22,2019,2,Tue,4,Jan,7,TRO,2019-12-01
2019-01-22,2019,2,Tue,4,Jan,33,RAV,2019-12-01
2019-01-22,2019,2,Tue,4,Jan,11,REC,2019-12-01
2019-01-22,2019,2,Tue,4,Jan,14,FRI,2019-12-01
2019-01-23,2019,3,Wed,4,Jan,4,CDM,2019-12-01
2019-01-23,2019,3,Wed,4,Jan,62,ZIL,2019-12-01
2019-01-24,2019,4,Thu,4,Jan,30,FRI,2019-12-01
2019-01-24,2019,4,Thu,4,Jan,6,RAV,2019-12-01
2019-01-24,2019,4,Thu,4,Jan,32,ZIL,2019-12-01
2019-01-24,2019,4,Thu,4,Jan,9,EBA,2019-12-01
2019-01-25,2019,5,Fri,4,Jan,9,ZIL,2019-12-01
2019-01-25,2019,5,Fri,4,Jan,9,LAG,2019-12-01
2019-01-28,2019,1,Mon,5,Jan,29,ZIL,2019-12-01
2019-01-28,2019,1,Mon,5,Jan,16,PCH,2019-12-01
2019-01-28,2019,1,Mon,5,Jan,28,FRI,2019-12-01
2019-01-28,2019,1,Mon,5,Jan,1,RAV,2019-12-01
2019-01-28,2019,1,Mon,5,Jan,14,EBA,2019-12-01
2019-01-28,2019,1,Mon,5,Jan,10,TRO,2019-12-01
2019-01-29,2019,2,Tue,5,Jan,9,ZIL,2019-12-01
2019-01-29,2019,2,Tue,5,Jan,14,EBA,2019-12-01
2019-01-30,2019,3,Wed,5,Jan,12,RAV,2019-12-01
2019-01-31,2019,4,Thu,5,Jan,23,ZIL,2019-12-01
2019-01-31,2019,4,Thu,5,Jan,7,LAG,2019-12-01
2019-02-01,2019,5,Fri,5,Feb,2,LAG,2019-12-01
2019-02-01,2019,5,Fri,5,Feb,5,CDM,2019-12-01
2019-02-01,2019,5,Fri,5,Feb,33,RAV,2019-12-01
2019-02-04,2019,1,Mon,6,Feb,7,REC,2019-12-01
2019-02-04,2019,1,Mon,6,Feb,12,TRO,2019-12-01
2019-02-04,2019,1,Mon,6,Feb,13,CDM,2019-12-01
2019-02-04,2019,1,Mon,6,Feb,4,PCH,2019-12-01
2019-02-04,2019,1,Mon,6,Feb,30,ZIL,2019-12-01
2019-02-06,2019,3,Wed,6,Feb,5,CDM,2019-12-01
2019-02-06,2019,3,Wed,6,Feb,44,ZIL,2019-12-01
2019-02-06,2019,3,Wed,6,Feb,9,RAV,2019-12-01
2019-02-07,2019,4,Thu,6,Feb,19,FRI,2019-12-01
2019-02-07,2019,4,Thu,6,Feb,38,CDM,2019-12-01
2019-02-07,2019,4,Thu,6,Feb,33,ZIL,2019-12-01
2019-02-08,2019,5,Fri,6,Feb,5,FRI,2019-12-01
2019-02-08,2019,5,Fri,6,Feb,32,ZIL,2019-12-01
2019-02-11,2019,1,Mon,7,Feb,3,CDM,2019-12-01
2019-02-12,2019,2,Tue,7,Feb,18,CDM,2019-12-01
2019-02-12,2019,2,Tue,7,Feb,8,ZIL,2019-12-01
2019-02-12,2019,2,Tue,7,Feb,2,TRO,2019-12-01
2019-02-12,2019,2,Tue,7,Feb,46,RAV,2019-12-01
2019-02-13,2019,3,Wed,7,Feb,3,TRO,2019-12-01
2019-02-13,2019,3,Wed,7,Feb,13,RAV,2019-12-01
2019-02-13,2019,3,Wed,7,Feb,9,CDM,2019-12-01
2019-02-14,2019,4,Thu,7,Feb,32,EBA,2019-12-01
2019-02-14,2019,4,Thu,7,Feb,16,LAG,2019-12-01
2019-02-14,2019,4,Thu,7,Feb,28,TRO,2019-12-01
2019-02-14,2019,4,Thu,7,Feb,12,FRI,2019-12-01
2019-02-14,2019,4,Thu,7,Feb,7,CDM,2019-12-01
2019-02-14,2019,4,Thu,7,Feb,19,ZIL,2019-12-01
2019-02-15,2019,5,Fri,7,Feb,12,FRI,2019-12-01
2019-02-15,2019,5,Fri,7,Feb,41,ZIL,2019-12-01
2019-02-15,2019,5,Fri,7,Feb,10,PCH,2019-12-01
2019-02-15,2019,5,Fri,7,Feb,8,TRO,2019-12-01
2019-02-18,2019,1,Mon,8,Feb,34,EBA,2019-12-01
2019-02-18,2019,1,Mon,8,Feb,90,LAG,2019-12-01
2019-02-18,2019,1,Mon,8,Feb,27,FRI,2019-12-01
2019-02-18,2019,1,Mon,8,Feb,6,PCH,2019-12-01
2019-02-18,2019,1,Mon,8,Feb,70,RAV,2019-12-01
2019-02-19,2019,2,Tue,8,Feb,6,CDM,2019-12-01
2019-02-19,2019,2,Tue,8,Feb,28,ZIL,2019-12-01
2019-02-19,2019,2,Tue,8,Feb,9,FRI,2019-12-01
2019-02-19,2019,2,Tue,8,Feb,44,RAV,2019-12-01
2019-02-20,2019,3,Wed,8,Feb,22,CDM,2019-12-01
2019-02-20,2019,3,Wed,8,Feb,7,ZIL,2019-12-01
2019-02-21,2019,4,Thu,8,Feb,30,EBA,2019-12-01
2019-02-22,2019,5,Fri,8,Feb,41,ZIL,2019-12-01
2019-02-25,2019,1,Mon,9,Feb,56,FRI,2019-12-01
2019-02-25,2019,1,Mon,9,Feb,18,RAV,2019-12-01
2019-02-25,2019,1,Mon,9,Feb,7,REC,2019-12-01
2019-02-25,2019,1,Mon,9,Feb,14,LAG,2019-12-01
2019-02-25,2019,1,Mon,9,Feb,6,ZIL,2019-12-01
2019-02-26,2019,2,Tue,9,Feb,7,RAV,2019-12-01
2019-02-26,2019,2,Tue,9,Feb,7,EBA,2019-12-01
2019-02-26,2019,2,Tue,9,Feb,5,REC,2019-12-01
2019-02-26,2019,2,Tue,9,Feb,7,CDM,2019-12-01
2019-02-27,2019,3,Wed,9,Feb,10,CDM,2019-12-01
2019-02-27,2019,3,Wed,9,Feb,21,ZIL,2019-12-01
2019-02-27,2019,3,Wed,9,Feb,7,LAG,2019-12-01
2019-02-27,2019,3,Wed,9,Feb,6,REC,2019-12-01
2019-02-27,2019,3,Wed,9,Feb,10,TRO,2019-12-01
2019-02-28,2019,4,Thu,9,Feb,10,EBA,2019-12-01
2019-02-28,2019,4,Thu,9,Feb,8,FRI,2019-12-01
2019-02-28,2019,4,Thu,9,Feb,25,ZIL,2019-12-01
2019-02-28,2019,4,Thu,9,Feb,1,REC,2019-12-01
2019-02-28,2019,4,Thu,9,Feb,10,TRO,2019-12-01
2019-03-01,2019,5,Fri,9,Mar,41,RAV,2019-12-01
2019-03-01,2019,5,Fri,9,Mar,1,ZIL,2019-12-01
2019-03-01,2019,5,Fri,9,Mar,14,LAG,2019-12-01
2019-03-04,2019,1,Mon,10,Mar,3,CDM,2019-12-01
2019-03-04,2019,1,Mon,10,Mar,14,TRO,2019-12-01
2019-03-05,2019,2,Tue,10,Mar,10,EBA,2019-12-01
2019-03-05,2019,2,Tue,10,Mar,10,TRO,2019-12-01
2019-03-05,2019,2,Tue,10,Mar,7,CDM,2019-12-01
2019-03-05,2019,2,Tue,10,Mar,11,ZIL,2019-12-01
2019-03-06,2019,3,Wed,10,Mar,5,FRI,2019-12-01
2019-03-06,2019,3,Wed,10,Mar,12,RAV,2019-12-01
2019-03-06,2019,3,Wed,10,Mar,10,EBA,2019-12-01
2019-03-06,2019,3,Wed,10,Mar,33,ZIL,2019-12-01
2019-03-07,2019,4,Thu,10,Mar,21,CDM,2019-12-01
2019-03-07,2019,4,Thu,10,Mar,16,ZIL,2019-12-01
2019-03-08,2019,5,Fri,10,Mar,11,ZIL,2019-12-01
2019-03-08,2019,5,Fri,10,Mar,1,REC,2019-12-01
2019-03-08,2019,5,Fri,10,Mar,12,RAV,2019-12-01
2019-03-11,2019,1,Mon,11,Mar,5,REC,2019-12-01
2019-03-11,2019,1,Mon,11,Mar,7,TRO,2019-12-01
2019-03-11,2019,1,Mon,11,Mar,15,RAV,2019-12-01
2019-03-11,2019,1,Mon,11,Mar,52,CDM,2019-12-01
2019-03-11,2019,1,Mon,11,Mar,8,ZIL,2019-12-01
2019-03-11,2019,1,Mon,11,Mar,4,PCH,2019-12-01
2019-03-12,2019,2,Tue,11,Mar,9,LAG,2019-12-01
2019-03-13,2019,3,Wed,11,Mar,6,TRO,2019-12-01
2019-03-13,2019,3,Wed,11,Mar,9,ZIL,2019-12-01
2019-03-13,2019,3,Wed,11,Mar,16,RAV,2019-12-01
2019-03-13,2019,3,Wed,11,Mar,12,FRI,2019-12-01
2019-03-13,2019,3,Wed,11,Mar,7,PCH,2019-12-01
2019-03-14,2019,4,Thu,11,Mar,7,CDM,2019-12-01
2019-03-14,2019,4,Thu,11,Mar,36,ZIL,2019-12-01
2019-03-14,2019,4,Thu,11,Mar,5,REC,2019-12-01
2019-03-14,2019,4,Thu,11,Mar,3,RAV,2019-12-01
2019-03-14,2019,4,Thu,11,Mar,7,LAG,2019-12-01
2019-03-15,2019,5,Fri,11,Mar,10,EBA,2019-12-01
2019-03-15,2019,5,Fri,11,Mar,27,LAG,2019-12-01
2019-03-15,2019,5,Fri,11,Mar,11,ZIL,2019-12-01
2019-03-15,2019,5,Fri,11,Mar,8,FRI,2019-12-01
2019-03-15,2019,5,Fri,11,Mar,9,RAV,2019-12-01
2019-03-18,2019,1,Mon,12,Mar,7,EBA,2019-12-01
2019-03-18,2019,1,Mon,12,Mar,9,REC,2019-12-01
2019-03-18,2019,1,Mon,12,Mar,12,CDM,2019-12-01
2019-03-18,2019,1,Mon,12,Mar,72,ZIL,2019-12-01
2019-03-18,2019,1,Mon,12,Mar,14,RAV,2019-12-01
2019-03-19,2019,2,Tue,12,Mar,10,RAV,2019-12-01
2019-03-19,2019,2,Tue,12,Mar,27,CDM,2019-12-01
2019-03-19,2019,2,Tue,12,Mar,14,ZIL,2019-12-01
2019-03-20,2019,3,Wed,12,Mar,1,TRO,2019-12-01
2019-03-20,2019,3,Wed,12,Mar,30,FRI,2019-12-01
2019-03-20,2019,3,Wed,12,Mar,30,RAV,2019-12-01
2019-03-20,2019,3,Wed,12,Mar,24,ZIL,2019-12-01
2019-03-21,2019,4,Thu,12,Mar,27,PCH,2019-12-01
2019-03-21,2019,4,Thu,12,Mar,14,LAG,2019-12-01
2019-03-21,2019,4,Thu,12,Mar,2,TRO,2019-12-01
2019-03-21,2019,4,Thu,12,Mar,10,CDM,2019-12-01
2019-03-21,2019,4,Thu,12,Mar,4,ZIL,2019-12-01
2019-03-22,2019,5,Fri,12,Mar,25,CDM,2019-12-01
2019-03-22,2019,5,Fri,12,Mar,21,RAV,2019-12-01
2019-03-25,2019,1,Mon,13,Mar,43,CDM,2019-12-01
2019-03-25,2019,1,Mon,13,Mar,19,ZIL,2019-12-01
2019-03-25,2019,1,Mon,13,Mar,10,RAV,2019-12-01
2019-03-25,2019,1,Mon,13,Mar,16,LAG,2019-12-01
2019-03-25,2019,1,Mon,13,Mar,21,TRO,2019-12-01
2019-03-25,2019,1,Mon,13,Mar,7,FRI,2019-12-01
2019-03-26,2019,2,Tue,13,Mar,8,CDM,2019-12-01
2019-03-26,2019,2,Tue,13,Mar,11,ZIL,2019-12-01
2019-03-27,2019,3,Wed,13,Mar,43,CDM,2019-12-01
2019-03-27,2019,3,Wed,13,Mar,5,PCH,2019-12-01
2019-03-27,2019,3,Wed,13,Mar,46,ZIL,2019-12-01
2019-03-27,2019,3,Wed,13,Mar,10,EBA,2019-12-01
2019-03-28,2019,4,Thu,13,Mar,7,CDM,2019-12-01
2019-03-28,2019,4,Thu,13,Mar,14,FRI,2019-12-01
2019-03-28,2019,4,Thu,13,Mar,5,RAV,2019-12-01
2019-03-29,2019,5,Fri,13,Mar,10,FRI,2019-12-01
2019-03-29,2019,5,Fri,13,Mar,27,CDM,2019-12-01
2019-03-29,2019,5,Fri,13,Mar,61,ZIL,2019-12-01
2019-03-29,2019,5,Fri,13,Mar,13,TRO,2019-12-01
2019-04-01,2019,1,Mon,14,Apr,13,LAG,2019-12-01
2019-04-01,2019,1,Mon,14,Apr,11,TRO,2019-12-01
2019-04-01,2019,1,Mon,14,Apr,38,FRI,2019-12-01
2019-04-01,2019,1,Mon,14,Apr,8,RAV,2019-12-01
2019-04-01,2019,1,Mon,14,Apr,25,ZIL,2019-12-01
2019-04-02,2019,2,Tue,14,Apr,12,CDM,2019-12-01
2019-04-02,2019,2,Tue,14,Apr,10,ZIL,2019-12-01
2019-04-02,2019,2,Tue,14,Apr,35,FRI,2019-12-01
2019-04-02,2019,2,Tue,14,Apr,5,REC,2019-12-01
2019-04-02,2019,2,Tue,14,Apr,26,TRO,2019-12-01
2019-04-03,2019,3,Wed,14,Apr,4,FRI,2019-12-01
2019-04-03,2019,3,Wed,14,Apr,3,EBA,2019-12-01
2019-04-04,2019,4,Thu,14,Apr,10,ZIL,2019-12-01
2019-04-04,2019,4,Thu,14,Apr,26,EBA,2019-12-01
2019-04-04,2019,4,Thu,14,Apr,28,LAG,2019-12-01
2019-04-04,2019,4,Thu,14,Apr,10,TRO,2019-12-01
2019-04-05,2019,5,Fri,14,Apr,16,ZIL,2019-12-01
2019-04-05,2019,5,Fri,14,Apr,11,FRI,2019-12-01
2019-04-05,2019,5,Fri,14,Apr,20,EBA,2019-12-01
2019-04-05,2019,5,Fri,14,Apr,3,REC,2019-12-01
2019-04-08,2019,1,Mon,15,Apr,14,CDM,2019-12-01
2019-04-08,2019,1,Mon,15,Apr,19,ZIL,2019-12-01
2019-04-08,2019,1,Mon,15,Apr,3,TRO,2019-12-01
2019-04-08,2019,1,Mon,15,Apr,1,REC,2019-12-01
2019-04-09,2019,2,Tue,15,Apr,21,ZIL,2019-12-01
2019-04-09,2019,2,Tue,15,Apr,16,EBA,2019-12-01
2019-04-09,2019,2,Tue,15,Apr,4,FRI,2019-12-01
2019-04-09,2019,2,Tue,15,Apr,12,RAV,2019-12-01
2019-04-10,2019,3,Wed,15,Apr,21,REC,2019-12-01
2019-04-10,2019,3,Wed,15,Apr,6,CDM,2019-12-01
2019-04-10,2019,3,Wed,15,Apr,7,FRI,2019-12-01
2019-04-10,2019,3,Wed,15,Apr,1,PCH,2019-12-01
2019-04-11,2019,4,Thu,15,Apr,24,LAG,2019-12-01
2019-04-11,2019,4,Thu,15,Apr,31,REC,2019-12-01
2019-04-11,2019,4,Thu,15,Apr,5,CDM,2019-12-01
2019-04-11,2019,4,Thu,15,Apr,37,ZIL,2019-12-01
2019-04-11,2019,4,Thu,15,Apr,9,FRI,2019-12-01
2019-04-12,2019,5,Fri,15,Apr,21,FRI,2019-12-01
2019-04-12,2019,5,Fri,15,Apr,125,EBA,2019-12-01
2019-04-12,2019,5,Fri,15,Apr,145,TRO,2019-12-01
2019-04-12,2019,5,Fri,15,Apr,8,CDM,2019-12-01
2019-04-12,2019,5,Fri,15,Apr,8,ZIL,2019-12-01
2019-04-12,2019,5,Fri,15,Apr,21,RAV,2019-12-01
2019-04-15,2019,1,Mon,16,Apr,11,EBA,2019-12-01
2019-04-15,2019,1,Mon,16,Apr,14,PCH,2019-12-01
2019-04-15,2019,1,Mon,16,Apr,3,LAG,2019-12-01
2019-04-15,2019,1,Mon,16,Apr,22,CDM,2019-12-01
2019-04-15,2019,1,Mon,16,Apr,51,RAV,2019-12-01
2019-04-16,2019,2,Tue,16,Apr,44,RAV,2019-12-01
2019-04-16,2019,2,Tue,16,Apr,5,REC,2019-12-01
2019-04-16,2019,2,Tue,16,Apr,10,LAG,2019-12-01
2019-04-16,2019,2,Tue,16,Apr,21,CDM,2019-12-01
2019-04-16,2019,2,Tue,16,Apr,31,ZIL,2019-12-01
2019-04-17,2019,3,Wed,16,Apr,5,FRI,2019-12-01
2019-04-17,2019,3,Wed,16,Apr,11,RAV,2019-12-01
2019-04-17,2019,3,Wed,16,Apr,16,EBA,2019-12-01
2019-04-17,2019,3,Wed,16,Apr,6,TRO,2019-12-01
2019-04-17,2019,3,Wed,16,Apr,7,CDM,2019-12-01
2019-04-18,2019,4,Thu,16,Apr,6,FRI,2019-12-01
2019-04-18,2019,4,Thu,16,Apr,6,RAV,2019-12-01
2019-04-18,2019,4,Thu,16,Apr,6,CDM,2019-12-01
2019-04-18,2019,4,Thu,16,Apr,11,EBA,2019-12-01
2019-04-18,2019,4,Thu,16,Apr,35,REC,2019-12-01
2019-04-19,2019,5,Fri,16,Apr,8,RAV,2019-12-01
2019-04-22,2019,1,Mon,17,Apr,11,EBA,2019-12-01
2019-04-22,2019,1,Mon,17,Apr,40,FRI,2019-12-01
2019-04-22,2019,1,Mon,17,Apr,11,PCH,2019-12-01
2019-04-22,2019,1,Mon,17,Apr,5,CDM,2019-12-01
2019-04-22,2019,1,Mon,17,Apr,25,ZIL,2019-12-01
2019-04-23,2019,2,Tue,17,Apr,16,TRO,2019-12-01
2019-04-23,2019,2,Tue,17,Apr,14,RAV,2019-12-01
2019-04-23,2019,2,Tue,17,Apr,7,REC,2019-12-01
2019-04-23,2019,2,Tue,17,Apr,16,CDM,2019-12-01
2019-04-23,2019,2,Tue,17,Apr,42,ZIL,2019-12-01
2019-04-24,2019,3,Wed,17,Apr,17,ZIL,2019-12-01
2019-04-25,2019,4,Thu,17,Apr,2,PCH,2019-12-01
2019-04-25,2019,4,Thu,17,Apr,6,EBA,2019-12-01
2019-04-25,2019,4,Thu,17,Apr,23,CDM,2019-12-01
2019-04-25,2019,4,Thu,17,Apr,35,ZIL,2019-12-01
2019-04-25,2019,4,Thu,17,Apr,5,REC,2019-12-01
2019-04-26,2019,5,Fri,17,Apr,19,CDM,2019-12-01
2019-04-26,2019,5,Fri,17,Apr,27,ZIL,2019-12-01
2019-04-26,2019,5,Fri,17,Apr,18,FRI,2019-12-01
2019-04-26,2019,5,Fri,17,Apr,8,RAV,2019-12-01
2019-04-26,2019,5,Fri,17,Apr,8,EBA,2019-12-01
2019-04-29,2019,1,Mon,18,Apr,4,FRI,2019-12-01
2019-04-29,2019,1,Mon,18,Apr,4,RAV,2019-12-01
2019-04-29,2019,1,Mon,18,Apr,30,EBA,2019-12-01
2019-04-29,2019,1,Mon,18,Apr,4,REC,2019-12-01
2019-04-29,2019,1,Mon,18,Apr,27,CDM,2019-12-01
2019-04-30,2019,2,Tue,18,Apr,48,CDM,2019-12-01
2019-04-30,2019,2,Tue,18,Apr,29,ZIL,2019-12-01
2019-04-30,2019,2,Tue,18,Apr,6,FRI,2019-12-01
2019-04-30,2019,2,Tue,18,Apr,13,RAV,2019-12-01
2019-05-02,2019,4,Thu,18,May,18,RAV,2019-12-01
2019-05-02,2019,4,Thu,18,May,6,EBA,2019-12-01
2019-05-02,2019,4,Thu,18,May,12,PCH,2019-12-01
2019-05-02,2019,4,Thu,18,May,52,ZIL,2019-12-01
2019-05-02,2019,4,Thu,18,May,14,LAG,2019-12-01
2019-05-03,2019,5,Fri,18,May,3,TRO,2019-12-01
2019-05-03,2019,5,Fri,18,May,15,CDM,2019-12-01
2019-05-03,2019,5,Fri,18,May,37,ZIL,2019-12-01
2019-05-03,2019,5,Fri,18,May,8,REC,2019-12-01
2019-05-06,2019,1,Mon,19,May,7,ZIL,2019-12-01
2019-05-06,2019,1,Mon,19,May,3,RAV,2019-12-01
2019-05-06,2019,1,Mon,19,May,4,FRI,2019-12-01
2019-05-06,2019,1,Mon,19,May,15,REC,2019-12-01
2019-05-07,2019,2,Tue,19,May,4,RAV,2019-12-01
2019-05-07,2019,2,Tue,19,May,11,FRI,2019-12-01
2019-05-07,2019,2,Tue,19,May,10,REC,2019-12-01
2019-05-07,2019,2,Tue,19,May,18,TRO,2019-12-01
2019-05-07,2019,2,Tue,19,May,54,CDM,2019-12-01
2019-05-07,2019,2,Tue,19,May,45,ZIL,2019-12-01
2019-05-08,2019,3,Wed,19,May,3,CDM,2019-12-01
2019-05-08,2019,3,Wed,19,May,18,ZIL,2019-12-01
2019-05-08,2019,3,Wed,19,May,5,RAV,2019-12-01
2019-05-08,2019,3,Wed,19,May,3,LAG,2019-12-01
2019-05-08,2019,3,Wed,19,May,9,TRO,2019-12-01
2019-05-09,2019,4,Thu,19,May,19,ZIL,2019-12-01
2019-05-09,2019,4,Thu,19,May,8,REC,2019-12-01
2019-05-09,2019,4,Thu,19,May,7,PCH,2019-12-01
2019-05-09,2019,4,Thu,19,May,17,TRO,2019-12-01
2019-05-10,2019,5,Fri,19,May,40,ZIL,2019-12-01
2019-05-10,2019,5,Fri,19,May,3,RAV,2019-12-01
2019-05-10,2019,5,Fri,19,May,12,REC,2019-12-01
2019-05-10,2019,5,Fri,19,May,4,EBA,2019-12-01
2019-05-13,2019,1,Mon,20,May,14,LAG,2019-12-01
2019-05-13,2019,1,Mon,20,May,7,CDM,2019-12-01
2019-05-13,2019,1,Mon,20,May,23,ZIL,2019-12-01
2019-05-13,2019,1,Mon,20,May,9,FRI,2019-12-01
2019-05-13,2019,1,Mon,20,May,14,PCH,2019-12-01
2019-05-13,2019,1,Mon,20,May,2,TRO,2019-12-01
2019-05-14,2019,2,Tue,20,May,17,LAG,2019-12-01
2019-05-14,2019,2,Tue,20,May,33,TRO,2019-12-01
2019-05-14,2019,2,Tue,20,May,6,CDM,2019-12-01
2019-05-14,2019,2,Tue,20,May,42,RAV,2019-12-01
2019-05-15,2019,3,Wed,20,May,3,REC,2019-12-01
2019-05-15,2019,3,Wed,20,May,20,TRO,2019-12-01
2019-05-15,2019,3,Wed,20,May,8,ZIL,2019-12-01
2019-05-15,2019,3,Wed,20,May,2,RAV,2019-12-01
2019-05-15,2019,3,Wed,20,May,29,FRI,2019-12-01
2019-05-16,2019,4,Thu,20,May,7,RAV,2019-12-01
2019-05-16,2019,4,Thu,20,May,16,REC,2019-12-01
2019-05-16,2019,4,Thu,20,May,7,TRO,2019-12-01
2019-05-16,2019,4,Thu,20,May,5,CDM,2019-12-01
2019-05-17,2019,5,Fri,20,May,26,EBA,2019-12-01
2019-05-17,2019,5,Fri,20,May,11,REC,2019-12-01
2019-05-17,2019,5,Fri,20,May,11,TRO,2019-12-01
2019-05-17,2019,5,Fri,20,May,11,CDM,2019-12-01
2019-05-17,2019,5,Fri,20,May,17,ZIL,2019-12-01
2019-05-17,2019,5,Fri,20,May,14,RAV,2019-12-01
2019-05-20,2019,1,Mon,21,May,8,FRI,2019-12-01
2019-05-20,2019,1,Mon,21,May,10,PCH,2019-12-01
2019-05-20,2019,1,Mon,21,May,24,RAV,2019-12-01
2019-05-20,2019,1,Mon,21,May,19,CDM,2019-12-01
2019-05-20,2019,1,Mon,21,May,5,ZIL,2019-12-01
2019-05-21,2019,2,Tue,21,May,7,FRI,2019-12-01
2019-05-21,2019,2,Tue,21,May,5,PCH,2019-12-01
2019-05-21,2019,2,Tue,21,May,20,RAV,2019-12-01
2019-05-21,2019,2,Tue,21,May,4,EBA,2019-12-01
2019-05-21,2019,2,Tue,21,May,28,LAG,2019-12-01
2019-05-21,2019,2,Tue,21,May,24,TRO,2019-12-01
2019-05-21,2019,2,Tue,21,May,7,CDM,2019-12-01
2019-05-21,2019,2,Tue,21,May,10,ZIL,2019-12-01
2019-05-22,2019,3,Wed,21,May,23,ZIL,2019-12-01
2019-05-22,2019,3,Wed,21,May,4,FRI,2019-12-01
2019-05-22,2019,3,Wed,21,May,13,RAV,2019-12-01
2019-05-22,2019,3,Wed,21,May,8,EBA,2019-12-01
2019-05-22,2019,3,Wed,21,May,28,LAG,2019-12-01
2019-05-22,2019,3,Wed,21,May,11,REC,2019-12-01
2019-05-23,2019,4,Thu,21,May,26,RAV,2019-12-01
2019-05-23,2019,4,Thu,21,May,11,FRI,2019-12-01
2019-05-23,2019,4,Thu,21,May,21,REC,2019-12-01
2019-05-23,2019,4,Thu,21,May,27,TRO,2019-12-01
2019-05-23,2019,4,Thu,21,May,9,CDM,2019-12-01
2019-05-23,2019,4,Thu,21,May,42,ZIL,2019-12-01
2019-05-24,2019,5,Fri,21,May,12,CDM,2019-12-01
2019-05-24,2019,5,Fri,21,May,17,ZIL,2019-12-01
2019-05-24,2019,5,Fri,21,May,23,RAV,2019-12-01
2019-05-24,2019,5,Fri,21,May,8,EBA,2019-12-01
2019-05-24,2019,5,Fri,21,May,13,LAG,2019-12-01
2019-05-24,2019,5,Fri,21,May,1,REC,2019-12-01
2019-05-27,2019,1,Mon,22,May,16,CDM,2019-12-01
2019-05-27,2019,1,Mon,22,May,27,ZIL,2019-12-01
2019-05-27,2019,1,Mon,22,May,27,RAV,2019-12-01
2019-05-27,2019,1,Mon,22,May,19,REC,2019-12-01
2019-05-27,2019,1,Mon,22,May,1,TRO,2019-12-01
2019-05-27,2019,1,Mon,22,May,10,EBA,2019-12-01
2019-05-28,2019,2,Tue,22,May,6,CDM,2019-12-01
2019-05-28,2019,2,Tue,22,May,2,ZIL,2019-12-01
2019-05-28,2019,2,Tue,22,May,11,TRO,2019-12-01
2019-05-28,2019,2,Tue,22,May,11,RAV,2019-12-01
2019-05-28,2019,2,Tue,22,May,16,REC,2019-12-01
2019-05-28,2019,2,Tue,22,May,13,PCH,2019-12-01
2019-05-29,2019,3,Wed,22,May,32,CDM,2019-12-01
2019-05-29,2019,3,Wed,22,May,38,ZIL,2019-12-01
2019-05-29,2019,3,Wed,22,May,7,LAG,2019-12-01
2019-05-29,2019,3,Wed,22,May,10,RAV,2019-12-01
2019-05-30,2019,4,Thu,22,May,69,LAG,2019-12-01
2019-05-30,2019,4,Thu,22,May,8,REC,2019-12-01
2019-05-30,2019,4,Thu,22,May,20,CDM,2019-12-01
2019-05-30,2019,4,Thu,22,May,8,ZIL,2019-12-01
2019-05-30,2019,4,Thu,22,May,2,PCH,2019-12-01
2019-05-31,2019,5,Fri,22,May,5,REC,2019-12-01
2019-05-31,2019,5,Fri,22,May,7,TRO,2019-12-01
2019-05-31,2019,5,Fri,22,May,72,ZIL,2019-12-01
2019-05-31,2019,5,Fri,22,May,14,RAV,2019-12-01
2019-06-03,2019,1,Mon,23,Jun,6,TRO,2019-12-01
2019-06-03,2019,1,Mon,23,Jun,17,RAV,2019-12-01
2019-06-03,2019,1,Mon,23,Jun,19,REC,2019-12-01
2019-06-03,2019,1,Mon,23,Jun,4,PCH,2019-12-01
2019-06-03,2019,1,Mon,23,Jun,12,ZIL,2019-12-01
2019-06-04,2019,2,Tue,23,Jun,18,LAG,2019-12-01
2019-06-04,2019,2,Tue,23,Jun,16,TRO,2019-12-01
2019-06-04,2019,2,Tue,23,Jun,10,RAV,2019-12-01
2019-06-04,2019,2,Tue,23,Jun,10,CDM,2019-12-01
2019-06-04,2019,2,Tue,23,Jun,26,ZIL,2019-12-01
2019-06-06,2019,4,Thu,23,Jun,9,CDM,2019-12-01
2019-06-06,2019,4,Thu,23,Jun,4,REC,2019-12-01
2019-06-06,2019,4,Thu,23,Jun,7,ZIL,2019-12-01
2019-06-06,2019,4,Thu,23,Jun,4,PCH,2019-12-01
2019-06-07,2019,5,Fri,23,Jun,11,LAG,2019-12-01
2019-06-07,2019,5,Fri,23,Jun,14,TRO,2019-12-01
2019-06-07,2019,5,Fri,23,Jun,10,CDM,2019-12-01
2019-06-07,2019,5,Fri,23,Jun,5,ZIL,2019-12-01
2019-06-10,2019,1,Mon,24,Jun,4,CDM,2019-12-01
2019-06-10,2019,1,Mon,24,Jun,19,PCH,2019-12-01
2019-06-10,2019,1,Mon,24,Jun,7,ZIL,2019-12-01
2019-06-10,2019,1,Mon,24,Jun,38,EBA,2019-12-01
2019-06-10,2019,1,Mon,24,Jun,10,REC,2019-12-01
2019-06-10,2019,1,Mon,24,Jun,7,RAV,2019-12-01
2019-06-11,2019,2,Tue,24,Jun,6,FRI,2019-12-01
2019-06-11,2019,2,Tue,24,Jun,14,RAV,2019-12-01
2019-06-11,2019,2,Tue,24,Jun,4,EBA,2019-12-01
2019-06-11,2019,2,Tue,24,Jun,14,REC,2019-12-01
2019-06-12,2019,3,Wed,24,Jun,31,ZIL,2019-12-01
2019-06-12,2019,3,Wed,24,Jun,2,FRI,2019-12-01
2019-06-12,2019,3,Wed,24,Jun,21,RAV,2019-12-01
2019-06-12,2019,3,Wed,24,Jun,6,REC,2019-12-01
2019-06-12,2019,3,Wed,24,Jun,13,PCH,2019-12-01
2019-06-12,2019,3,Wed,24,Jun,4,LAG,2019-12-01
2019-06-12,2019,3,Wed,24,Jun,22,TRO,2019-12-01
2019-06-13,2019,4,Thu,24,Jun,10,EBA,2019-12-01
2019-06-13,2019,4,Thu,24,Jun,10,LAG,2019-12-01
2019-06-13,2019,4,Thu,24,Jun,4,TRO,2019-12-01
2019-06-13,2019,4,Thu,24,Jun,24,CDM,2019-12-01
2019-06-13,2019,4,Thu,24,Jun,47,ZIL,2019-12-01
2019-06-13,2019,4,Thu,24,Jun,35,RAV,2019-12-01
2019-06-13,2019,4,Thu,24,Jun,10,REC,2019-12-01
2019-06-13,2019,4,Thu,24,Jun,10,PCH,2019-12-01
2019-06-14,2019,5,Fri,24,Jun,9,CDM,2019-12-01
2019-06-14,2019,5,Fri,24,Jun,6,ZIL,2019-12-01
2019-06-14,2019,5,Fri,24,Jun,9,RAV,2019-12-01
2019-06-17,2019,1,Mon,25,Jun,20,EBA,2019-12-01
2019-06-17,2019,1,Mon,25,Jun,49,RAV,2019-12-01
2019-06-17,2019,1,Mon,25,Jun,10,PCH,2019-12-01
2019-06-17,2019,1,Mon,25,Jun,18,ZIL,2019-12-01
2019-06-18,2019,2,Tue,25,Jun,22,REC,2019-12-01
2019-06-18,2019,2,Tue,25,Jun,32,TRO,2019-12-01
2019-06-18,2019,2,Tue,25,Jun,7,RAV,2019-12-01
2019-06-19,2019,3,Wed,25,Jun,5,RAV,2019-12-01
2019-06-19,2019,3,Wed,25,Jun,9,REC,2019-12-01
2019-06-19,2019,3,Wed,25,Jun,14,TRO,2019-12-01
2019-06-19,2019,3,Wed,25,Jun,36,ZIL,2019-12-01
2019-06-19,2019,3,Wed,25,Jun,11,CDM,2019-12-01
2019-06-19,2019,3,Wed,25,Jun,5,PCH,2019-12-01
2019-06-20,2019,4,Thu,25,Jun,2,PCH,2019-12-01
2019-06-20,2019,4,Thu,25,Jun,16,CDM,2019-12-01
2019-06-20,2019,4,Thu,25,Jun,35,ZIL,2019-12-01
2019-06-20,2019,4,Thu,25,Jun,3,FRI,2019-12-01
2019-06-20,2019,4,Thu,25,Jun,23,RAV,2019-12-01
2019-06-21,2019,5,Fri,25,Jun,9,RAV,2019-12-01
2019-06-21,2019,5,Fri,25,Jun,14,REC,2019-12-01
2019-06-21,2019,5,Fri,25,Jun,46,FRI,2019-12-01
2019-06-21,2019,5,Fri,25,Jun,4,PCH,2019-12-01
2019-06-21,2019,5,Fri,25,Jun,6,CDM,2019-12-01
2019-06-24,2019,1,Mon,26,Jun,5,FRI,2019-12-01
2019-06-24,2019,1,Mon,26,Jun,4,PCH,2019-12-01
2019-06-24,2019,1,Mon,26,Jun,18,RAV,2019-12-01
2019-06-24,2019,1,Mon,26,Jun,5,EBA,2019-12-01
2019-06-24,2019,1,Mon,26,Jun,7,LAG,2019-12-01
2019-06-25,2019,2,Tue,26,Jun,36,RAV,2019-12-01
2019-06-25,2019,2,Tue,26,Jun,10,CDM,2019-12-01
2019-06-25,2019,2,Tue,26,Jun,71,ZIL,2019-12-01
2019-06-25,2019,2,Tue,26,Jun,7,EBA,2019-12-01
2019-06-25,2019,2,Tue,26,Jun,4,FRI,2019-12-01
2019-06-25,2019,2,Tue,26,Jun,1,REC,2019-12-01
2019-06-26,2019,3,Wed,26,Jun,19,RAV,2019-12-01
2019-06-26,2019,3,Wed,26,Jun,9,FRI,2019-12-01
2019-06-26,2019,3,Wed,26,Jun,10,PCH,2019-12-01
2019-06-26,2019,3,Wed,26,Jun,19,ZIL,2019-12-01
2019-06-26,2019,3,Wed,26,Jun,19,REC,2019-12-01
2019-06-27,2019,4,Thu,26,Jun,15,ZIL,2019-12-01
2019-06-27,2019,4,Thu,26,Jun,4,CDM,2019-12-01
2019-06-27,2019,4,Thu,26,Jun,26,RAV,2019-12-01
2019-06-27,2019,4,Thu,26,Jun,16,REC,2019-12-01
2019-06-27,2019,4,Thu,26,Jun,6,TRO,2019-12-01
2019-06-28,2019,5,Fri,26,Jun,13,CDM,2019-12-01
2019-06-28,2019,5,Fri,26,Jun,13,ZIL,2019-12-01
2019-06-28,2019,5,Fri,26,Jun,14,RAV,2019-12-01
2019-06-28,2019,5,Fri,26,Jun,21,REC,2019-12-01
2019-06-28,2019,5,Fri,26,Jun,5,PCH,2019-12-01
2019-07-01,2019,1,Mon,27,Jul,12,EBA,2019-12-01
2019-07-01,2019,1,Mon,27,Jul,19,TRO,2019-12-01
2019-07-01,2019,1,Mon,27,Jul,10,CDM,2019-12-01
2019-07-01,2019,1,Mon,27,Jul,27,ZIL,2019-12-01
2019-07-01,2019,1,Mon,27,Jul,3,REC,2019-12-01
2019-07-01,2019,1,Mon,27,Jul,2,PCH,2019-12-01
2019-07-01,2019,1,Mon,27,Jul,10,RAV,2019-12-01
2019-07-02,2019,2,Tue,27,Jul,19,CDM,2019-12-01
2019-07-02,2019,2,Tue,27,Jul,17,REC,2019-12-01
2019-07-02,2019,2,Tue,27,Jul,28,ZIL,2019-12-01
2019-07-02,2019,2,Tue,27,Jul,16,PCH,2019-12-01
2019-07-02,2019,2,Tue,27,Jul,25,TRO,2019-12-01
2019-07-03,2019,3,Wed,27,Jul,10,FRI,2019-12-01
2019-07-03,2019,3,Wed,27,Jul,36,REC,2019-12-01
2019-07-03,2019,3,Wed,27,Jul,10,PCH,2019-12-01
2019-07-03,2019,3,Wed,27,Jul,8,ZIL,2019-12-01
2019-07-03,2019,3,Wed,27,Jul,14,RAV,2019-12-01
2019-07-04,2019,4,Thu,27,Jul,11,EBA,2019-12-01
2019-07-04,2019,4,Thu,27,Jul,9,REC,2019-12-01
2019-07-04,2019,4,Thu,27,Jul,5,CDM,2019-12-01
2019-07-04,2019,4,Thu,27,Jul,11,PCH,2019-12-01
2019-07-04,2019,4,Thu,27,Jul,26,ZIL,2019-12-01
2019-07-04,2019,4,Thu,27,Jul,7,RAV,2019-12-01
2019-07-04,2019,4,Thu,27,Jul,9,FRI,2019-12-01
2019-07-05,2019,5,Fri,27,Jul,27,RAV,2019-12-01
2019-07-05,2019,5,Fri,27,Jul,3,EBA,2019-12-01
2019-07-05,2019,5,Fri,27,Jul,16,LAG,2019-12-01
2019-07-05,2019,5,Fri,27,Jul,18,REC,2019-12-01
2019-07-05,2019,5,Fri,27,Jul,8,ZIL,2019-12-01
2019-07-08,2019,1,Mon,28,Jul,38,EBA,2019-12-01
2019-07-08,2019,1,Mon,28,Jul,18,RAV,2019-12-01
2019-07-08,2019,1,Mon,28,Jul,23,REC,2019-12-01
2019-07-09,2019,2,Tue,28,Jul,4,REC,2019-12-01
2019-07-09,2019,2,Tue,28,Jul,7,PCH,2019-12-01
2019-07-09,2019,2,Tue,28,Jul,13,RAV,2019-12-01
2019-07-09,2019,2,Tue,28,Jul,35,CDM,2019-12-01
2019-07-09,2019,2,Tue,28,Jul,48,ZIL,2019-12-01
2019-07-09,2019,2,Tue,28,Jul,18,LAG,2019-12-01
2019-07-10,2019,3,Wed,28,Jul,4,LAG,2019-12-01
2019-07-10,2019,3,Wed,28,Jul,9,PCH,2019-12-01
2019-07-10,2019,3,Wed,28,Jul,4,REC,2019-12-01
2019-07-10,2019,3,Wed,28,Jul,43,ZIL,2019-12-01
2019-07-11,2019,4,Thu,28,Jul,11,CDM,2019-12-01
2019-07-11,2019,4,Thu,28,Jul,22,ZIL,2019-12-01
2019-07-11,2019,4,Thu,28,Jul,18,FRI,2019-12-01
2019-07-11,2019,4,Thu,28,Jul,4,PCH,2019-12-01
2019-07-11,2019,4,Thu,28,Jul,8,RAV,2019-12-01
2019-07-11,2019,4,Thu,28,Jul,32,TRO,2019-12-01
2019-07-12,2019,5,Fri,28,Jul,26,RAV,2019-12-01
2019-07-12,2019,5,Fri,28,Jul,36,EBA,2019-12-01
2019-07-12,2019,5,Fri,28,Jul,6,FRI,2019-12-01
2019-07-12,2019,5,Fri,28,Jul,31,LAG,2019-12-01
2019-07-12,2019,5,Fri,28,Jul,32,CDM,2019-12-01
2019-07-12,2019,5,Fri,28,Jul,14,PCH,2019-12-01
2019-07-12,2019,5,Fri,28,Jul,27,ZIL,2019-12-01
2019-07-15,2019,1,Mon,29,Jul,10,LAG,2019-12-01
2019-07-15,2019,1,Mon,29,Jul,11,PCH,2019-12-01
2019-07-15,2019,1,Mon,29,Jul,1,TRO,2019-12-01
2019-07-15,2019,1,Mon,29,Jul,21,ZIL,2019-12-01
2019-07-15,2019,1,Mon,29,Jul,74,RAV,2019-12-01
2019-07-15,2019,1,Mon,29,Jul,14,REC,2019-12-01
2019-07-16,2019,2,Tue,29,Jul,26,RAV,2019-12-01
2019-07-16,2019,2,Tue,29,Jul,7,REC,2019-12-01
2019-07-16,2019,2,Tue,29,Jul,3,CDM,2019-12-01
2019-07-16,2019,2,Tue,29,Jul,8,ZIL,2019-12-01
2019-07-16,2019,2,Tue,29,Jul,8,EBA,2019-12-01
2019-07-16,2019,2,Tue,29,Jul,7,LAG,2019-12-01
2019-07-17,2019,3,Wed,29,Jul,28,TRO,2019-12-01
2019-07-17,2019,3,Wed,29,Jul,12,CDM,2019-12-01
2019-07-17,2019,3,Wed,29,Jul,12,ZIL,2019-12-01
2019-07-17,2019,3,Wed,29,Jul,14,FRI,2019-12-01
2019-07-17,2019,3,Wed,29,Jul,9,RAV,2019-12-01
2019-07-17,2019,3,Wed,29,Jul,9,REC,2019-12-01
2019-07-18,2019,4,Thu,29,Jul,20,REC,2019-12-01
2019-07-18,2019,4,Thu,29,Jul,61,ZIL,2019-12-01
2019-07-18,2019,4,Thu,29,Jul,10,FRI,2019-12-01
2019-07-18,2019,4,Thu,29,Jul,3,PCH,2019-12-01
2019-07-18,2019,4,Thu,29,Jul,23,RAV,2019-12-01
2019-07-18,2019,4,Thu,29,Jul,12,LAG,2019-12-01
2019-07-19,2019,5,Fri,29,Jul,14,LAG,2019-12-01
2019-07-19,2019,5,Fri,29,Jul,14,REC,2019-12-01
2019-07-19,2019,5,Fri,29,Jul,11,CDM,2019-12-01
2019-07-19,2019,5,Fri,29,Jul,22,ZIL,2019-12-01
2019-07-19,2019,5,Fri,29,Jul,4,PCH,2019-12-01
2019-07-19,2019,5,Fri,29,Jul,45,RAV,2019-12-01
2019-07-22,2019,1,Mon,30,Jul,13,EBA,2019-12-01
2019-07-22,2019,1,Mon,30,Jul,20,LAG,2019-12-01
2019-07-22,2019,1,Mon,30,Jul,9,REC,2019-12-01
2019-07-22,2019,1,Mon,30,Jul,5,TRO,2019-12-01
2019-07-22,2019,1,Mon,30,Jul,12,CDM,2019-12-01
2019-07-22,2019,1,Mon,30,Jul,19,ZIL,2019-12-01
2019-07-22,2019,1,Mon,30,Jul,26,RAV,2019-12-01
2019-07-23,2019,2,Tue,30,Jul,50,RAV,2019-12-01
2019-07-23,2019,2,Tue,30,Jul,1,REC,2019-12-01
2019-07-23,2019,2,Tue,30,Jul,4,PCH,2019-12-01
2019-07-23,2019,2,Tue,30,Jul,8,ZIL,2019-12-01
2019-07-24,2019,3,Wed,30,Jul,34,PCH,2019-12-01
2019-07-24,2019,3,Wed,30,Jul,12,LAG,2019-12-01
2019-07-24,2019,3,Wed,30,Jul,3,TRO,2019-12-01
2019-07-24,2019,3,Wed,30,Jul,34,RAV,2019-12-01
2019-07-24,2019,3,Wed,30,Jul,7,REC,2019-12-01
2019-07-24,2019,3,Wed,30,Jul,20,ZIL,2019-12-01
2019-07-25,2019,4,Thu,30,Jul,21,FRI,2019-12-01
2019-07-25,2019,4,Thu,30,Jul,76,RAV,2019-12-01
2019-07-25,2019,4,Thu,30,Jul,4,REC,2019-12-01
2019-07-25,2019,4,Thu,30,Jul,4,EBA,2019-12-01
2019-07-25,2019,4,Thu,30,Jul,25,LAG,2019-12-01
2019-07-25,2019,4,Thu,30,Jul,38,CDM,2019-12-01
2019-07-25,2019,4,Thu,30,Jul,16,ZIL,2019-12-01
2019-07-26,2019,5,Fri,30,Jul,7,FRI,2019-12-01
2019-07-26,2019,5,Fri,30,Jul,4,PCH,2019-12-01
2019-07-26,2019,5,Fri,30,Jul,24,RAV,2019-12-01
2019-07-26,2019,5,Fri,30,Jul,2,TRO,2019-12-01
2019-07-26,2019,5,Fri,30,Jul,3,CDM,2019-12-01
2019-07-26,2019,5,Fri,30,Jul,41,ZIL,2019-12-01
2019-07-29,2019,1,Mon,31,Jul,24,RAV,2019-12-01
2019-07-29,2019,1,Mon,31,Jul,25,CDM,2019-12-01
2019-07-29,2019,1,Mon,31,Jul,35,LAG,2019-12-01
2019-07-29,2019,1,Mon,31,Jul,29,TRO,2019-12-01
2019-07-30,2019,2,Tue,31,Jul,6,FRI,2019-12-01
2019-07-30,2019,2,Tue,31,Jul,22,RAV,2019-12-01
2019-07-30,2019,2,Tue,31,Jul,12,CDM,2019-12-01
2019-07-30,2019,2,Tue,31,Jul,7,PCH,2019-12-01
2019-07-30,2019,2,Tue,31,Jul,35,ZIL,2019-12-01
2019-07-30,2019,2,Tue,31,Jul,19,REC,2019-12-01
2019-07-30,2019,2,Tue,31,Jul,18,TRO,2019-12-01
2019-07-31,2019,3,Wed,31,Jul,11,CDM,2019-12-01
2019-07-31,2019,3,Wed,31,Jul,25,ZIL,2019-12-01
2019-07-31,2019,3,Wed,31,Jul,8,PCH,2019-12-01
2019-07-31,2019,3,Wed,31,Jul,46,RAV,2019-12-01
2019-07-31,2019,3,Wed,31,Jul,23,EBA,2019-12-01
2019-07-31,2019,3,Wed,31,Jul,10,LAG,2019-12-01
2019-07-31,2019,3,Wed,31,Jul,14,REC,2019-12-01
2019-07-31,2019,3,Wed,31,Jul,6,TRO,2019-12-01
2019-08-01,2019,4,Thu,31,Aug,11,CDM,2019-12-01
2019-08-01,2019,4,Thu,31,Aug,31,ZIL,2019-12-01
2019-08-01,2019,4,Thu,31,Aug,12,RAV,2019-12-01
2019-08-01,2019,4,Thu,31,Aug,10,LAG,2019-12-01
2019-08-01,2019,4,Thu,31,Aug,15,PCH,2019-12-01
2019-08-02,2019,5,Fri,31,Aug,48,ZIL,2019-12-01
2019-08-02,2019,5,Fri,31,Aug,42,RAV,2019-12-01
2019-08-05,2019,1,Mon,32,Aug,10,ZIL,2019-12-01
2019-08-05,2019,1,Mon,32,Aug,12,TRO,2019-12-01
2019-08-05,2019,1,Mon,32,Aug,4,PCH,2019-12-01
2019-08-05,2019,1,Mon,32,Aug,33,RAV,2019-12-01
2019-08-06,2019,2,Tue,32,Aug,19,LAG,2019-12-01
2019-08-06,2019,2,Tue,32,Aug,1,REC,2019-12-01
2019-08-06,2019,2,Tue,32,Aug,9,FRI,2019-12-01
2019-08-06,2019,2,Tue,32,Aug,23,RAV,2019-12-01
2019-08-06,2019,2,Tue,32,Aug,49,CDM,2019-12-01
2019-08-06,2019,2,Tue,32,Aug,14,ZIL,2019-12-01
2019-08-07,2019,3,Wed,32,Aug,14,CDM,2019-12-01
2019-08-07,2019,3,Wed,32,Aug,64,ZIL,2019-12-01
2019-08-07,2019,3,Wed,32,Aug,20,LAG,2019-12-01
2019-08-07,2019,3,Wed,32,Aug,31,REC,2019-12-01
2019-08-07,2019,3,Wed,32,Aug,14,FRI,2019-12-01
2019-08-07,2019,3,Wed,32,Aug,30,RAV,2019-12-01
2019-08-08,2019,4,Thu,32,Aug,6,EBA,2019-12-01
2019-08-08,2019,4,Thu,32,Aug,13,LAG,2019-12-01
2019-08-08,2019,4,Thu,32,Aug,10,REC,2019-12-01
2019-08-08,2019,4,Thu,32,Aug,38,RAV,2019-12-01
2019-08-08,2019,4,Thu,32,Aug,39,ZIL,2019-12-01
2019-08-08,2019,4,Thu,32,Aug,7,CDM,2019-12-01
2019-08-09,2019,5,Fri,32,Aug,31,LAG,2019-12-01
2019-08-09,2019,5,Fri,32,Aug,4,PCH,2019-12-01
2019-08-09,2019,5,Fri,32,Aug,12,TRO,2019-12-01
2019-08-09,2019,5,Fri,32,Aug,7,EBA,2019-12-01
2019-08-09,2019,5,Fri,32,Aug,10,FRI,2019-12-01
2019-08-09,2019,5,Fri,32,Aug,24,RAV,2019-12-01
2019-08-09,2019,5,Fri,32,Aug,12,REC,2019-12-01
2019-08-09,2019,5,Fri,32,Aug,12,CDM,2019-12-01
2019-08-09,2019,5,Fri,32,Aug,25,ZIL,2019-12-01
2019-08-12,2019,1,Mon,33,Aug,9,PCH,2019-12-01
2019-08-12,2019,1,Mon,33,Aug,12,RAV,2019-12-01
2019-08-12,2019,1,Mon,33,Aug,7,REC,2019-12-01
2019-08-12,2019,1,Mon,33,Aug,14,ZIL,2019-12-01
2019-08-12,2019,1,Mon,33,Aug,6,CDM,2019-12-01
2019-08-12,2019,1,Mon,33,Aug,20,LAG,2019-12-01
2019-08-13,2019,2,Tue,33,Aug,10,PCH,2019-12-01
2019-08-13,2019,2,Tue,33,Aug,47,RAV,2019-12-01
2019-08-13,2019,2,Tue,33,Aug,23,CDM,2019-12-01
2019-08-13,2019,2,Tue,33,Aug,25,ZIL,2019-12-01
2019-08-13,2019,2,Tue,33,Aug,9,LAG,2019-12-01
2019-08-13,2019,2,Tue,33,Aug,4,REC,2019-12-01
2019-08-14,2019,3,Wed,33,Aug,27,RAV,2019-12-01
2019-08-14,2019,3,Wed,33,Aug,19,PCH,2019-12-01
2019-08-14,2019,3,Wed,33,Aug,23,ZIL,2019-12-01
2019-08-14,2019,3,Wed,33,Aug,9,LAG,2019-12-01
2019-08-14,2019,3,Wed,33,Aug,42,REC,2019-12-01
2019-08-15,2019,4,Thu,33,Aug,11,RAV,2019-12-01
2019-08-15,2019,4,Thu,33,Aug,10,CDM,2019-12-01
2019-08-15,2019,4,Thu,33,Aug,7,ZIL,2019-12-01
2019-08-15,2019,4,Thu,33,Aug,15,EBA,2019-12-01
2019-08-15,2019,4,Thu,33,Aug,6,LAG,2019-12-01
2019-08-15,2019,4,Thu,33,Aug,6,REC,2019-12-01
2019-08-15,2019,4,Thu,33,Aug,3,TRO,2019-12-01
2019-08-16,2019,5,Fri,33,Aug,33,CDM,2019-12-01
2019-08-16,2019,5,Fri,33,Aug,4,PCH,2019-12-01
2019-08-16,2019,5,Fri,33,Aug,28,ZIL,2019-12-01
2019-08-16,2019,5,Fri,33,Aug,23,LAG,2019-12-01
2019-08-16,2019,5,Fri,33,Aug,11,REC,2019-12-01
2019-08-16,2019,5,Fri,33,Aug,13,FRI,2019-12-01
2019-08-16,2019,5,Fri,33,Aug,23,RAV,2019-12-01
2019-08-19,2019,1,Mon,34,Aug,43,RAV,2019-12-01
2019-08-19,2019,1,Mon,34,Aug,22,REC,2019-12-01
2019-08-19,2019,1,Mon,34,Aug,27,CDM,2019-12-01
2019-08-19,2019,1,Mon,34,Aug,15,ZIL,2019-12-01
2019-08-19,2019,1,Mon,34,Aug,22,LAG,2019-12-01
2019-08-19,2019,1,Mon,34,Aug,12,TRO,2019-12-01
2019-08-19,2019,1,Mon,34,Aug,1,FRI,2019-12-01
2019-08-19,2019,1,Mon,34,Aug,11,PCH,2019-12-01
2019-08-20,2019,2,Tue,34,Aug,16,ZIL,2019-12-01
2019-08-20,2019,2,Tue,34,Aug,5,EBA,2019-12-01
2019-08-20,2019,2,Tue,34,Aug,31,LAG,2019-12-01
2019-08-20,2019,2,Tue,34,Aug,23,TRO,2019-12-01
2019-08-20,2019,2,Tue,34,Aug,2,FRI,2019-12-01
2019-08-20,2019,2,Tue,34,Aug,57,RAV,2019-12-01
2019-08-20,2019,2,Tue,34,Aug,15,REC,2019-12-01
2019-08-21,2019,3,Wed,34,Aug,9,CDM,2019-12-01
2019-08-21,2019,3,Wed,34,Aug,5,REC,2019-12-01
2019-08-21,2019,3,Wed,34,Aug,11,ZIL,2019-12-01
2019-08-21,2019,3,Wed,34,Aug,3,EBA,2019-12-01
2019-08-21,2019,3,Wed,34,Aug,5,LAG,2019-12-01
2019-08-21,2019,3,Wed,34,Aug,18,FRI,2019-12-01
2019-08-21,2019,3,Wed,34,Aug,64,RAV,2019-12-01
2019-08-22,2019,4,Thu,34,Aug,4,LAG,2019-12-01
2019-08-22,2019,4,Thu,34,Aug,8,EBA,2019-12-01
2019-08-22,2019,4,Thu,34,Aug,2,CDM,2019-12-01
2019-08-22,2019,4,Thu,34,Aug,21,ZIL,2019-12-01
2019-08-22,2019,4,Thu,34,Aug,1,FRI,2019-12-01
2019-08-22,2019,4,Thu,34,Aug,12,PCH,2019-12-01
2019-08-22,2019,4,Thu,34,Aug,46,RAV,2019-12-01
2019-08-23,2019,5,Fri,34,Aug,10,LAG,2019-12-01
2019-08-23,2019,5,Fri,34,Aug,3,REC,2019-12-01
2019-08-23,2019,5,Fri,34,Aug,17,TRO,2019-12-01
2019-08-23,2019,5,Fri,34,Aug,4,PCH,2019-12-01
2019-08-23,2019,5,Fri,34,Aug,39,ZIL,2019-12-01
2019-08-23,2019,5,Fri,34,Aug,10,FRI,2019-12-01
2019-08-23,2019,5,Fri,34,Aug,27,RAV,2019-12-01
2019-08-26,2019,1,Mon,35,Aug,7,FRI,2019-12-01
2019-08-26,2019,1,Mon,35,Aug,43,RAV,2019-12-01
2019-08-26,2019,1,Mon,35,Aug,24,REC,2019-12-01
2019-08-26,2019,1,Mon,35,Aug,10,LAG,2019-12-01
2019-08-26,2019,1,Mon,35,Aug,16,PCH,2019-12-01
2019-08-26,2019,1,Mon,35,Aug,25,TRO,2019-12-01
2019-08-26,2019,1,Mon,35,Aug,9,CDM,2019-12-01
2019-08-26,2019,1,Mon,35,Aug,10,ZIL,2019-12-01
2019-08-27,2019,2,Tue,35,Aug,5,EBA,2019-12-01
2019-08-27,2019,2,Tue,35,Aug,15,PCH,2019-12-01
2019-08-27,2019,2,Tue,35,Aug,28,LAG,2019-12-01
2019-08-27,2019,2,Tue,35,Aug,26,TRO,2019-12-01
2019-08-27,2019,2,Tue,35,Aug,25,RAV,2019-12-01
2019-08-27,2019,2,Tue,35,Aug,7,REC,2019-12-01
2019-08-27,2019,2,Tue,35,Aug,47,ZIL,2019-12-01
2019-08-28,2019,3,Wed,35,Aug,4,PCH,2019-12-01
2019-08-28,2019,3,Wed,35,Aug,65,RAV,2019-12-01
2019-08-28,2019,3,Wed,35,Aug,11,LAG,2019-12-01
2019-08-28,2019,3,Wed,35,Aug,9,TRO,2019-12-01
2019-08-28,2019,3,Wed,35,Aug,36,CDM,2019-12-01
2019-08-28,2019,3,Wed,35,Aug,16,ZIL,2019-12-01
2019-08-29,2019,4,Thu,35,Aug,8,RAV,2019-12-01
2019-08-29,2019,4,Thu,35,Aug,1,EBA,2019-12-01
2019-08-29,2019,4,Thu,35,Aug,9,LAG,2019-12-01
2019-08-29,2019,4,Thu,35,Aug,3,TRO,2019-12-01
2019-08-29,2019,4,Thu,35,Aug,12,REC,2019-12-01
2019-08-29,2019,4,Thu,35,Aug,4,ZIL,2019-12-01
2019-08-29,2019,4,Thu,35,Aug,25,CDM,2019-12-01
2019-08-30,2019,5,Fri,35,Aug,4,PCH,2019-12-01
2019-08-30,2019,5,Fri,35,Aug,12,RAV,2019-12-01
2019-08-30,2019,5,Fri,35,Aug,32,ZIL,2019-12-01
2019-08-30,2019,5,Fri,35,Aug,5,LAG,2019-12-01
2019-09-02,2019,1,Mon,36,Sep,7,ZIL,2019-12-01
2019-09-02,2019,1,Mon,36,Sep,7,FRI,2019-12-01
2019-09-02,2019,1,Mon,36,Sep,80,RAV,2019-12-01
2019-09-02,2019,1,Mon,36,Sep,14,CDM,2019-12-01
2019-09-02,2019,1,Mon,36,Sep,28,PCH,2019-12-01
2019-09-02,2019,1,Mon,36,Sep,11,EBA,2019-12-01
2019-09-02,2019,1,Mon,36,Sep,18,LAG,2019-12-01
2019-09-02,2019,1,Mon,36,Sep,7,REC,2019-12-01
2019-09-02,2019,1,Mon,36,Sep,17,TRO,2019-12-01
2019-09-03,2019,2,Tue,36,Sep,22,ZIL,2019-12-01
2019-09-03,2019,2,Tue,36,Sep,5,LAG,2019-12-01
2019-09-03,2019,2,Tue,36,Sep,3,PCH,2019-12-01
2019-09-03,2019,2,Tue,36,Sep,3,RAV,2019-12-01
2019-09-04,2019,3,Wed,36,Sep,45,RAV,2019-12-01
2019-09-04,2019,3,Wed,36,Sep,10,REC,2019-12-01
2019-09-04,2019,3,Wed,36,Sep,13,CDM,2019-12-01
2019-09-04,2019,3,Wed,36,Sep,29,ZIL,2019-12-01
2019-09-04,2019,3,Wed,36,Sep,12,LAG,2019-12-01
2019-09-04,2019,3,Wed,36,Sep,25,TRO,2019-12-01
2019-09-04,2019,3,Wed,36,Sep,22,EBA,2019-12-01
2019-09-04,2019,3,Wed,36,Sep,6,FRI,2019-12-01
2019-09-05,2019,4,Thu,36,Sep,2,CDM,2019-12-01
2019-09-05,2019,4,Thu,36,Sep,39,ZIL,2019-12-01
2019-09-05,2019,4,Thu,36,Sep,3,EBA,2019-12-01
2019-09-05,2019,4,Thu,36,Sep,20,LAG,2019-12-01
2019-09-05,2019,4,Thu,36,Sep,11,PCH,2019-12-01
2019-09-05,2019,4,Thu,36,Sep,40,RAV,2019-12-01
2019-09-05,2019,4,Thu,36,Sep,8,REC,2019-12-01
2019-09-06,2019,5,Fri,36,Sep,21,ZIL,2019-12-01
2019-09-06,2019,5,Fri,36,Sep,24,CDM,2019-12-01
2019-09-06,2019,5,Fri,36,Sep,39,LAG,2019-12-01
2019-09-06,2019,5,Fri,36,Sep,2,TRO,2019-12-01
2019-09-06,2019,5,Fri,36,Sep,6,FRI,2019-12-01
2019-09-06,2019,5,Fri,36,Sep,7,PCH,2019-12-01
2019-09-06,2019,5,Fri,36,Sep,75,RAV,2019-12-01
2019-09-09,2019,1,Mon,37,Sep,14,EBA,2019-12-01
2019-09-09,2019,1,Mon,37,Sep,16,FRI,2019-12-01
2019-09-09,2019,1,Mon,37,Sep,17,RAV,2019-12-01
2019-09-09,2019,1,Mon,37,Sep,7,CDM,2019-12-01
2019-09-09,2019,1,Mon,37,Sep,7,ZIL,2019-12-01
2019-09-10,2019,2,Tue,37,Sep,29,CDM,2019-12-01
2019-09-10,2019,2,Tue,37,Sep,3,PCH,2019-12-01
2019-09-10,2019,2,Tue,37,Sep,10,ZIL,2019-12-01
2019-09-10,2019,2,Tue,37,Sep,7,EBA,2019-12-01
2019-09-10,2019,2,Tue,37,Sep,9,LAG,2019-12-01
2019-09-10,2019,2,Tue,37,Sep,39,REC,2019-12-01
2019-09-10,2019,2,Tue,37,Sep,12,TRO,2019-12-01
2019-09-10,2019,2,Tue,37,Sep,42,RAV,2019-12-01
2019-09-11,2019,3,Wed,37,Sep,28,RAV,2019-12-01
2019-09-11,2019,3,Wed,37,Sep,5,EBA,2019-12-01
2019-09-11,2019,3,Wed,37,Sep,20,LAG,2019-12-01
2019-09-11,2019,3,Wed,37,Sep,6,CDM,2019-12-01
2019-09-11,2019,3,Wed,37,Sep,27,ZIL,2019-12-01
2019-09-12,2019,4,Thu,37,Sep,2,EBA,2019-12-01
2019-09-12,2019,4,Thu,37,Sep,2,FRI,2019-12-01
2019-09-12,2019,4,Thu,37,Sep,1,LAG,2019-12-01
2019-09-12,2019,4,Thu,37,Sep,31,CDM,2019-12-01
2019-09-12,2019,4,Thu,37,Sep,14,ZIL,2019-12-01
2019-09-12,2019,4,Thu,37,Sep,51,RAV,2019-12-01
2019-09-13,2019,5,Fri,37,Sep,40,RAV,2019-12-01
2019-09-13,2019,5,Fri,37,Sep,10,EBA,2019-12-01
2019-09-13,2019,5,Fri,37,Sep,2,LAG,2019-12-01
2019-09-13,2019,5,Fri,37,Sep,6,TRO,2019-12-01
2019-09-13,2019,5,Fri,37,Sep,2,CDM,2019-12-01
2019-09-13,2019,5,Fri,37,Sep,16,ZIL,2019-12-01
2019-09-16,2019,1,Mon,38,Sep,14,FRI,2019-12-01
2019-09-16,2019,1,Mon,38,Sep,10,PCH,2019-12-01
2019-09-16,2019,1,Mon,38,Sep,67,RAV,2019-12-01
2019-09-16,2019,1,Mon,38,Sep,46,EBA,2019-12-01
2019-09-16,2019,1,Mon,38,Sep,35,CDM,2019-12-01
2019-09-16,2019,1,Mon,38,Sep,38,ZIL,2019-12-01
2019-09-16,2019,1,Mon,38,Sep,83,LAG,2019-12-01
2019-09-16,2019,1,Mon,38,Sep,10,REC,2019-12-01
2019-09-17,2019,2,Tue,38,Sep,41,RAV,2019-12-01
2019-09-17,2019,2,Tue,38,Sep,11,CDM,2019-12-01
2019-09-17,2019,2,Tue,38,Sep,6,PCH,2019-12-01
2019-09-17,2019,2,Tue,38,Sep,20,ZIL,2019-12-01
2019-09-17,2019,2,Tue,38,Sep,18,LAG,2019-12-01
2019-09-17,2019,2,Tue,38,Sep,4,REC,2019-12-01
2019-09-18,2019,3,Wed,38,Sep,16,FRI,2019-12-01
2019-09-18,2019,3,Wed,38,Sep,21,RAV,2019-12-01
2019-09-18,2019,3,Wed,38,Sep,61,CDM,2019-12-01
2019-09-18,2019,3,Wed,38,Sep,32,ZIL,2019-12-01
2019-09-18,2019,3,Wed,38,Sep,37,LAG,2019-12-01
2019-09-18,2019,3,Wed,38,Sep,8,REC,2019-12-01
2019-09-18,2019,3,Wed,38,Sep,16,TRO,2019-12-01
2019-09-19,2019,4,Thu,38,Sep,28,ZIL,2019-12-01
2019-09-19,2019,4,Thu,38,Sep,8,CDM,2019-12-01
2019-09-19,2019,4,Thu,38,Sep,3,PCH,2019-12-01
2019-09-19,2019,4,Thu,38,Sep,44,RAV,2019-12-01
2019-09-19,2019,4,Thu,38,Sep,5,EBA,2019-12-01
2019-09-19,2019,4,Thu,38,Sep,7,LAG,2019-12-01
2019-09-19,2019,4,Thu,38,Sep,19,TRO,2019-12-01
2019-09-20,2019,5,Fri,38,Sep,15,CDM,2019-12-01
2019-09-20,2019,5,Fri,38,Sep,34,ZIL,2019-12-01
2019-09-20,2019,5,Fri,38,Sep,7,FRI,2019-12-01
2019-09-20,2019,5,Fri,38,Sep,56,RAV,2019-12-01
2019-09-20,2019,5,Fri,38,Sep,14,PCH,2019-12-01
2019-09-20,2019,5,Fri,38,Sep,10,EBA,2019-12-01
2019-09-23,2019,1,Mon,39,Sep,7,CDM,2019-12-01
2019-09-23,2019,1,Mon,39,Sep,21,EBA,2019-12-01
2019-09-23,2019,1,Mon,39,Sep,10,LAG,2019-12-01
2019-09-23,2019,1,Mon,39,Sep,16,ZIL,2019-12-01
2019-09-23,2019,1,Mon,39,Sep,8,FRI,2019-12-01
2019-09-23,2019,1,Mon,39,Sep,10,PCH,2019-12-01
2019-09-23,2019,1,Mon,39,Sep,61,RAV,2019-12-01
2019-09-24,2019,2,Tue,39,Sep,6,LAG,2019-12-01
2019-09-24,2019,2,Tue,39,Sep,6,REC,2019-12-01
2019-09-24,2019,2,Tue,39,Sep,2,CDM,2019-12-01
2019-09-24,2019,2,Tue,39,Sep,22,ZIL,2019-12-01
2019-09-24,2019,2,Tue,39,Sep,8,FRI,2019-12-01
2019-09-24,2019,2,Tue,39,Sep,17,PCH,2019-12-01
2019-09-24,2019,2,Tue,39,Sep,65,RAV,2019-12-01
2019-09-25,2019,3,Wed,39,Sep,35,LAG,2019-12-01
2019-09-25,2019,3,Wed,39,Sep,14,EBA,2019-12-01
2019-09-25,2019,3,Wed,39,Sep,11,FRI,2019-12-01
2019-09-25,2019,3,Wed,39,Sep,13,PCH,2019-12-01
2019-09-25,2019,3,Wed,39,Sep,32,ZIL,2019-12-01
2019-09-25,2019,3,Wed,39,Sep,48,RAV,2019-12-01
2019-09-26,2019,4,Thu,39,Sep,5,REC,2019-12-01
2019-09-26,2019,4,Thu,39,Sep,9,PCH,2019-12-01
2019-09-26,2019,4,Thu,39,Sep,12,ZIL,2019-12-01
2019-09-26,2019,4,Thu,39,Sep,16,RAV,2019-12-01
2019-09-27,2019,5,Fri,39,Sep,7,LAG,2019-12-01
2019-09-27,2019,5,Fri,39,Sep,10,REC,2019-12-01
2019-09-27,2019,5,Fri,39,Sep,16,TRO,2019-12-01
2019-09-27,2019,5,Fri,39,Sep,4,FRI,2019-12-01
2019-09-27,2019,5,Fri,39,Sep,38,RAV,2019-12-01
2019-09-27,2019,5,Fri,39,Sep,43,CDM,2019-12-01
2019-09-27,2019,5,Fri,39,Sep,33,PCH,2019-12-01
2019-09-27,2019,5,Fri,39,Sep,30,ZIL,2019-12-01
2019-09-30,2019,1,Mon,40,Sep,20,PCH,2019-12-01
2019-09-30,2019,1,Mon,40,Sep,19,EBA,2019-12-01
2019-09-30,2019,1,Mon,40,Sep,13,LAG,2019-12-01
2019-09-30,2019,1,Mon,40,Sep,4,TRO,2019-12-01
2019-09-30,2019,1,Mon,40,Sep,117,RAV,2019-12-01
2019-09-30,2019,1,Mon,40,Sep,20,REC,2019-12-01
2019-09-30,2019,1,Mon,40,Sep,15,CDM,2019-12-01
2019-09-30,2019,1,Mon,40,Sep,19,ZIL,2019-12-01
2019-10-01,2019,2,Tue,40,Oct,12,PCH,2019-12-01
2019-10-01,2019,2,Tue,40,Oct,48,RAV,2019-12-01
2019-10-01,2019,2,Tue,40,Oct,10,ZIL,2019-12-01
2019-10-01,2019,2,Tue,40,Oct,1,EBA,2019-12-01
2019-10-01,2019,2,Tue,40,Oct,66,CDM,2019-12-01
2019-10-02,2019,3,Wed,40,Oct,31,PCH,2019-12-01
2019-10-02,2019,3,Wed,40,Oct,46,RAV,2019-12-01
2019-10-02,2019,3,Wed,40,Oct,12,CDM,2019-12-01
2019-10-02,2019,3,Wed,40,Oct,31,ZIL,2019-12-01
2019-10-02,2019,3,Wed,40,Oct,41,LAG,2019-12-01
2019-10-02,2019,3,Wed,40,Oct,17,REC,2019-12-01
2019-10-03,2019,4,Thu,40,Oct,54,RAV,2019-12-01
2019-10-03,2019,4,Thu,40,Oct,54,CDM,2019-12-01
2019-10-03,2019,4,Thu,40,Oct,11,ZIL,2019-12-01
2019-10-03,2019,4,Thu,40,Oct,7,LAG,2019-12-01
2019-10-03,2019,4,Thu,40,Oct,20,REC,2019-12-01
2019-10-03,2019,4,Thu,40,Oct,16,TRO,2019-12-01
2019-10-03,2019,4,Thu,40,Oct,5,EBA,2019-12-01
2019-10-03,2019,4,Thu,40,Oct,1,FRI,2019-12-01
2019-10-04,2019,5,Fri,40,Oct,8,FRI,2019-12-01
2019-10-04,2019,5,Fri,40,Oct,23,RAV,2019-12-01
2019-10-04,2019,5,Fri,40,Oct,15,CDM,2019-12-01
2019-10-04,2019,5,Fri,40,Oct,27,PCH,2019-12-01
2019-10-04,2019,5,Fri,40,Oct,7,ZIL,2019-12-01
2019-10-04,2019,5,Fri,40,Oct,7,EBA,2019-12-01
2019-10-07,2019,1,Mon,41,Oct,23,CDM,2019-12-01
2019-10-07,2019,1,Mon,41,Oct,57,ZIL,2019-12-01
2019-10-07,2019,1,Mon,41,Oct,25,LAG,2019-12-01
2019-10-07,2019,1,Mon,41,Oct,22,PCH,2019-12-01
2019-10-07,2019,1,Mon,41,Oct,10,FRI,2019-12-01
2019-10-07,2019,1,Mon,41,Oct,78,RAV,2019-12-01
2019-10-07,2019,1,Mon,41,Oct,7,REC,2019-12-01
2019-10-08,2019,2,Tue,41,Oct,48,RAV,2019-12-01
2019-10-08,2019,2,Tue,41,Oct,11,ZIL,2019-12-01
2019-10-08,2019,2,Tue,41,Oct,6,EBA,2019-12-01
2019-10-08,2019,2,Tue,41,Oct,11,TRO,2019-12-01
2019-10-08,2019,2,Tue,41,Oct,21,PCH,2019-12-01
2019-10-09,2019,3,Wed,41,Oct,39,CDM,2019-12-01
2019-10-09,2019,3,Wed,41,Oct,49,ZIL,2019-12-01
2019-10-09,2019,3,Wed,41,Oct,4,EBA,2019-12-01
2019-10-09,2019,3,Wed,41,Oct,29,LAG,2019-12-01
2019-10-09,2019,3,Wed,41,Oct,12,TRO,2019-12-01
2019-10-09,2019,3,Wed,41,Oct,7,FRI,2019-12-01
2019-10-09,2019,3,Wed,41,Oct,12,PCH,2019-12-01
2019-10-09,2019,3,Wed,41,Oct,60,RAV,2019-12-01
2019-10-09,2019,3,Wed,41,Oct,7,REC,2019-12-01
2019-10-10,2019,4,Thu,41,Oct,1,REC,2019-12-01
2019-10-10,2019,4,Thu,41,Oct,19,ZIL,2019-12-01
2019-10-10,2019,4,Thu,41,Oct,2,EBA,2019-12-01
2019-10-10,2019,4,Thu,41,Oct,2,LAG,2019-12-01
2019-10-10,2019,4,Thu,41,Oct,29,TRO,2019-12-01
2019-10-10,2019,4,Thu,41,Oct,8,FRI,2019-12-01
2019-10-10,2019,4,Thu,41,Oct,15,RAV,2019-12-01
2019-10-11,2019,5,Fri,41,Oct,45,LAG,2019-12-01
2019-10-11,2019,5,Fri,41,Oct,62,REC,2019-12-01
2019-10-11,2019,5,Fri,41,Oct,9,EBA,2019-12-01
2019-10-11,2019,5,Fri,41,Oct,34,CDM,2019-12-01
2019-10-11,2019,5,Fri,41,Oct,5,ZIL,2019-12-01
2019-10-11,2019,5,Fri,41,Oct,19,FRI,2019-12-01
2019-10-11,2019,5,Fri,41,Oct,7,PCH,2019-12-01
2019-10-11,2019,5,Fri,41,Oct,39,RAV,2019-12-01
2019-10-14,2019,1,Mon,42,Oct,15,EBA,2019-12-01
2019-10-14,2019,1,Mon,42,Oct,34,LAG,2019-12-01
2019-10-14,2019,1,Mon,42,Oct,16,REC,2019-12-01
2019-10-14,2019,1,Mon,42,Oct,13,TRO,2019-12-01
2019-10-14,2019,1,Mon,42,Oct,25,CDM,2019-12-01
2019-10-14,2019,1,Mon,42,Oct,111,RAV,2019-12-01
2019-10-14,2019,1,Mon,42,Oct,73,ZIL,2019-12-01
2019-10-15,2019,2,Tue,42,Oct,29,EBA,2019-12-01
2019-10-15,2019,2,Tue,42,Oct,21,FRI,2019-12-01
2019-10-15,2019,2,Tue,42,Oct,68,RAV,2019-12-01
2019-10-15,2019,2,Tue,42,Oct,17,REC,2019-12-01
2019-10-15,2019,2,Tue,42,Oct,7,PCH,2019-12-01
2019-10-15,2019,2,Tue,42,Oct,11,TRO,2019-12-01
2019-10-15,2019,2,Tue,42,Oct,5,CDM,2019-12-01
2019-10-15,2019,2,Tue,42,Oct,44,ZIL,2019-12-01
2019-10-16,2019,3,Wed,42,Oct,13,EBA,2019-12-01
2019-10-16,2019,3,Wed,42,Oct,6,FRI,2019-12-01
2019-10-16,2019,3,Wed,42,Oct,4,PCH,2019-12-01
2019-10-16,2019,3,Wed,42,Oct,97,LAG,2019-12-01
2019-10-16,2019,3,Wed,42,Oct,88,RAV,2019-12-01
2019-10-16,2019,3,Wed,42,Oct,6,CDM,2019-12-01
2019-10-16,2019,3,Wed,42,Oct,22,ZIL,2019-12-01
2019-10-17,2019,4,Thu,42,Oct,1,FRI,2019-12-01
2019-10-17,2019,4,Thu,42,Oct,49,RAV,2019-12-01
2019-10-17,2019,4,Thu,42,Oct,9,EBA,2019-12-01
2019-10-17,2019,4,Thu,42,Oct,20,CDM,2019-12-01
2019-10-17,2019,4,Thu,42,Oct,30,ZIL,2019-12-01
2019-10-18,2019,5,Fri,42,Oct,88,RAV,2019-12-01
2019-10-18,2019,5,Fri,42,Oct,9,EBA,2019-12-01
2019-10-18,2019,5,Fri,42,Oct,36,LAG,2019-12-01
2019-10-18,2019,5,Fri,42,Oct,10,REC,2019-12-01
2019-10-18,2019,5,Fri,42,Oct,18,ZIL,2019-12-01
2019-10-18,2019,5,Fri,42,Oct,15,CDM,2019-12-01
2019-10-21,2019,1,Mon,43,Oct,88,RAV,2019-12-01
2019-10-21,2019,1,Mon,43,Oct,21,CDM,2019-12-01
2019-10-21,2019,1,Mon,43,Oct,4,PCH,2019-12-01
2019-10-21,2019,1,Mon,43,Oct,29,ZIL,2019-12-01
2019-10-21,2019,1,Mon,43,Oct,32,EBA,2019-12-01
2019-10-21,2019,1,Mon,43,Oct,75,LAG,2019-12-01
2019-10-21,2019,1,Mon,43,Oct,14,REC,2019-12-01
2019-10-21,2019,1,Mon,43,Oct,5,TRO,2019-12-01
2019-10-22,2019,2,Tue,43,Oct,6,ZIL,2019-12-01
2019-10-22,2019,2,Tue,43,Oct,45,RAV,2019-12-01
2019-10-22,2019,2,Tue,43,Oct,2,CDM,2019-12-01
2019-10-22,2019,2,Tue,43,Oct,4,PCH,2019-12-01
2019-10-22,2019,2,Tue,43,Oct,13,EBA,2019-12-01
2019-10-22,2019,2,Tue,43,Oct,116,LAG,2019-12-01
2019-10-22,2019,2,Tue,43,Oct,7,REC,2019-12-01
2019-10-22,2019,2,Tue,43,Oct,6,TRO,2019-12-01
2019-10-23,2019,3,Wed,43,Oct,6,CDM,2019-12-01
2019-10-23,2019,3,Wed,43,Oct,17,LAG,2019-12-01
2019-10-23,2019,3,Wed,43,Oct,15,FRI,2019-12-01
2019-10-23,2019,3,Wed,43,Oct,77,RAV,2019-12-01
2019-10-23,2019,3,Wed,43,Oct,8,REC,2019-12-01
2019-10-23,2019,3,Wed,43,Oct,21,EBA,2019-12-01
2019-10-23,2019,3,Wed,43,Oct,7,TRO,2019-12-01
2019-10-24,2019,4,Thu,43,Oct,24,ZIL,2019-12-01
2019-10-24,2019,4,Thu,43,Oct,45,RAV,2019-12-01
2019-10-24,2019,4,Thu,43,Oct,18,LAG,2019-12-01
2019-10-24,2019,4,Thu,43,Oct,6,TRO,2019-12-01
2019-10-24,2019,4,Thu,43,Oct,9,EBA,2019-12-01
2019-10-24,2019,4,Thu,43,Oct,2,PCH,2019-12-01
2019-10-25,2019,5,Fri,43,Oct,44,CDM,2019-12-01
2019-10-25,2019,5,Fri,43,Oct,19,ZIL,2019-12-01
2019-10-25,2019,5,Fri,43,Oct,4,EBA,2019-12-01
2019-10-25,2019,5,Fri,43,Oct,22,LAG,2019-12-01
2019-10-25,2019,5,Fri,43,Oct,100,RAV,2019-12-01
2019-10-25,2019,5,Fri,43,Oct,10,FRI,2019-12-01
2019-10-28,2019,1,Mon,44,Oct,5,LAG,2019-12-01
2019-10-28,2019,1,Mon,44,Oct,8,REC,2019-12-01
2019-10-28,2019,1,Mon,44,Oct,26,CDM,2019-12-01
2019-10-28,2019,1,Mon,44,Oct,8,PCH,2019-12-01
2019-10-28,2019,1,Mon,44,Oct,13,ZIL,2019-12-01
2019-10-28,2019,1,Mon,44,Oct,19,EBA,2019-12-01
2019-10-28,2019,1,Mon,44,Oct,78,RAV,2019-12-01
2019-10-29,2019,2,Tue,44,Oct,1,EBA,2019-12-01
2019-10-29,2019,2,Tue,44,Oct,12,LAG,2019-12-01
2019-10-29,2019,2,Tue,44,Oct,9,REC,2019-12-01
2019-10-29,2019,2,Tue,44,Oct,2,TRO,2019-12-01
2019-10-29,2019,2,Tue,44,Oct,11,FRI,2019-12-01
2019-10-29,2019,2,Tue,44,Oct,7,CDM,2019-12-01
2019-10-29,2019,2,Tue,44,Oct,24,PCH,2019-12-01
2019-10-29,2019,2,Tue,44,Oct,12,ZIL,2019-12-01
2019-10-29,2019,2,Tue,44,Oct,89,RAV,2019-12-01
2019-10-30,2019,3,Wed,44,Oct,6,EBA,2019-12-01
2019-10-30,2019,3,Wed,44,Oct,43,LAG,2019-12-01
2019-10-30,2019,3,Wed,44,Oct,7,REC,2019-12-01
2019-10-30,2019,3,Wed,44,Oct,16,TRO,2019-12-01
2019-10-30,2019,3,Wed,44,Oct,13,CDM,2019-12-01
2019-10-30,2019,3,Wed,44,Oct,4,PCH,2019-12-01
2019-10-30,2019,3,Wed,44,Oct,8,ZIL,2019-12-01
2019-10-30,2019,3,Wed,44,Oct,14,FRI,2019-12-01
2019-10-30,2019,3,Wed,44,Oct,16,RAV,2019-12-01
2019-10-31,2019,4,Thu,44,Oct,1,FRI,2019-12-01
2019-10-31,2019,4,Thu,44,Oct,47,RAV,2019-12-01
2019-10-31,2019,4,Thu,44,Oct,7,EBA,2019-12-01
2019-10-31,2019,4,Thu,44,Oct,21,LAG,2019-12-01
2019-10-31,2019,4,Thu,44,Oct,34,REC,2019-12-01
2019-10-31,2019,4,Thu,44,Oct,11,PCH,2019-12-01
2019-10-31,2019,4,Thu,44,Oct,46,CDM,2019-12-01
2019-10-31,2019,4,Thu,44,Oct,6,ZIL,2019-12-01
2019-11-01,2019,5,Fri,44,Nov,61,LAG,2019-12-01
2019-11-01,2019,5,Fri,44,Nov,2,PCH,2019-12-01
2019-11-01,2019,5,Fri,44,Nov,17,CDM,2019-12-01
2019-11-04,2019,1,Mon,45,Nov,16,FRI,2019-12-01
2019-11-04,2019,1,Mon,45,Nov,2,PCH,2019-12-01
2019-11-04,2019,1,Mon,45,Nov,35,RAV,2019-12-01
2019-11-04,2019,1,Mon,45,Nov,44,REC,2019-12-01
2019-11-04,2019,1,Mon,45,Nov,2,EBA,2019-12-01
2019-11-04,2019,1,Mon,45,Nov,26,LAG,2019-12-01
2019-11-04,2019,1,Mon,45,Nov,23,TRO,2019-12-01
2019-11-04,2019,1,Mon,45,Nov,2,CDM,2019-12-01
2019-11-05,2019,2,Tue,45,Nov,1,FRI,2019-12-01
2019-11-05,2019,2,Tue,45,Nov,53,PCH,2019-12-01
2019-11-05,2019,2,Tue,45,Nov,50,RAV,2019-12-01
2019-11-05,2019,2,Tue,45,Nov,11,EBA,2019-12-01
2019-11-05,2019,2,Tue,45,Nov,75,ZIL,2019-12-01
2019-11-05,2019,2,Tue,45,Nov,31,LAG,2019-12-01
2019-11-05,2019,2,Tue,45,Nov,17,REC,2019-12-01
2019-11-05,2019,2,Tue,45,Nov,17,TRO,2019-12-01
2019-11-06,2019,3,Wed,45,Nov,95,RAV,2019-12-01
2019-11-06,2019,3,Wed,45,Nov,29,CDM,2019-12-01
2019-11-06,2019,3,Wed,45,Nov,42,ZIL,2019-12-01
2019-11-06,2019,3,Wed,45,Nov,4,FRI,2019-12-01
2019-11-06,2019,3,Wed,45,Nov,15,LAG,2019-12-01
2019-11-06,2019,3,Wed,45,Nov,14,REC,2019-12-01
2019-11-07,2019,4,Thu,45,Nov,36,RAV,2019-12-01
2019-11-07,2019,4,Thu,45,Nov,4,REC,2019-12-01
2019-11-08,2019,5,Fri,45,Nov,33,ZIL,2019-12-01
2019-11-08,2019,5,Fri,45,Nov,6,CDM,2019-12-01
2019-11-08,2019,5,Fri,45,Nov,16,PCH,2019-12-01
2019-11-08,2019,5,Fri,45,Nov,78,LAG,2019-12-01
2019-11-08,2019,5,Fri,45,Nov,2,FRI,2019-12-01
2019-11-08,2019,5,Fri,45,Nov,116,RAV,2019-12-01
2019-11-11,2019,1,Mon,46,Nov,45,RAV,2019-12-01
2019-11-11,2019,1,Mon,46,Nov,6,REC,2019-12-01
2019-11-11,2019,1,Mon,46,Nov,19,CDM,2019-12-01
2019-11-11,2019,1,Mon,46,Nov,20,ZIL,2019-12-01
2019-11-11,2019,1,Mon,46,Nov,22,LAG,2019-12-01
2019-11-11,2019,1,Mon,46,Nov,30,FRI,2019-12-01
2019-11-11,2019,1,Mon,46,Nov,3,PCH,2019-12-01
2019-11-12,2019,2,Tue,46,Nov,16,CDM,2019-12-01
2019-11-12,2019,2,Tue,46,Nov,9,EBA,2019-12-01
2019-11-12,2019,2,Tue,46,Nov,21,LAG,2019-12-01
2019-11-12,2019,2,Tue,46,Nov,15,TRO,2019-12-01
2019-11-12,2019,2,Tue,46,Nov,4,FRI,2019-12-01
2019-11-12,2019,2,Tue,46,Nov,46,RAV,2019-12-01
2019-11-12,2019,2,Tue,46,Nov,88,ZIL,2019-12-01
2019-11-13,2019,3,Wed,46,Nov,2,CDM,2019-12-01
2019-11-13,2019,3,Wed,46,Nov,8,ZIL,2019-12-01
2019-11-13,2019,3,Wed,46,Nov,37,LAG,2019-12-01
2019-11-13,2019,3,Wed,46,Nov,16,REC,2019-12-01
2019-11-13,2019,3,Wed,46,Nov,3,EBA,2019-12-01
2019-11-13,2019,3,Wed,46,Nov,11,TRO,2019-12-01
2019-11-13,2019,3,Wed,46,Nov,4,FRI,2019-12-01
2019-11-13,2019,3,Wed,46,Nov,16,PCH,2019-12-01
2019-11-13,2019,3,Wed,46,Nov,64,RAV,2019-12-01
2019-11-14,2019,4,Thu,46,Nov,52,LAG,2019-12-01
2019-11-14,2019,4,Thu,46,Nov,2,TRO,2019-12-01
2019-11-14,2019,4,Thu,46,Nov,12,EBA,2019-12-01
2019-11-14,2019,4,Thu,46,Nov,3,FRI,2019-12-01
2019-11-14,2019,4,Thu,46,Nov,64,RAV,2019-12-01
2019-11-14,2019,4,Thu,46,Nov,11,CDM,2019-12-01
2019-11-14,2019,4,Thu,46,Nov,7,PCH,2019-12-01
2019-11-14,2019,4,Thu,46,Nov,7,ZIL,2019-12-01
2019-11-15,2019,5,Fri,46,Nov,16,CDM,2019-12-01
2019-11-15,2019,5,Fri,46,Nov,12,PCH,2019-12-01
2019-11-15,2019,5,Fri,46,Nov,7,ZIL,2019-12-01
2019-11-15,2019,5,Fri,46,Nov,6,LAG,2019-12-01
2019-11-15,2019,5,Fri,46,Nov,9,TRO,2019-12-01
2019-11-15,2019,5,Fri,46,Nov,88,RAV,2019-12-01
2019-11-18,2019,1,Mon,47,Nov,17,EBA,2019-12-01
2019-11-18,2019,1,Mon,47,Nov,5,PCH,2019-12-01
2019-11-18,2019,1,Mon,47,Nov,33,RAV,2019-12-01
2019-11-18,2019,1,Mon,47,Nov,20,ZIL,2019-12-01
2019-11-18,2019,1,Mon,47,Nov,42,LAG,2019-12-01
2019-11-18,2019,1,Mon,47,Nov,10,TRO,2019-12-01
2019-11-19,2019,2,Tue,47,Nov,1,LAG,2019-12-01
2019-11-19,2019,2,Tue,47,Nov,8,FRI,2019-12-01
2019-11-19,2019,2,Tue,47,Nov,12,PCH,2019-12-01
2019-11-19,2019,2,Tue,47,Nov,12,RAV,2019-12-01
2019-11-19,2019,2,Tue,47,Nov,7,REC,2019-12-01
2019-11-19,2019,2,Tue,47,Nov,3,ZIL,2019-12-01
2019-11-20,2019,3,Wed,47,Nov,5,FRI,2019-12-01
2019-11-20,2019,3,Wed,47,Nov,5,PCH,2019-12-01
2019-11-20,2019,3,Wed,47,Nov,27,RAV,2019-12-01
2019-11-20,2019,3,Wed,47,Nov,3,REC,2019-12-01
2019-11-20,2019,3,Wed,47,Nov,4,CDM,2019-12-01
2019-11-20,2019,3,Wed,47,Nov,26,ZIL,2019-12-01
2019-11-20,2019,3,Wed,47,Nov,13,EBA,2019-12-01
2019-11-20,2019,3,Wed,47,Nov,1,LAG,2019-12-01
2019-11-20,2019,3,Wed,47,Nov,32,TRO,2019-12-01
2019-11-21,2019,4,Thu,47,Nov,24,EBA,2019-12-01
2019-11-21,2019,4,Thu,47,Nov,37,LAG,2019-12-01
2019-11-21,2019,4,Thu,47,Nov,1,TRO,2019-12-01
2019-11-21,2019,4,Thu,47,Nov,5,FRI,2019-12-01
2019-11-21,2019,4,Thu,47,Nov,9,PCH,2019-12-01
2019-11-21,2019,4,Thu,47,Nov,60,RAV,2019-12-01
2019-11-21,2019,4,Thu,47,Nov,35,CDM,2019-12-01
2019-11-21,2019,4,Thu,47,Nov,10,REC,2019-12-01
2019-11-21,2019,4,Thu,47,Nov,9,ZIL,2019-12-01
2019-11-22,2019,5,Fri,47,Nov,8,CDM,2019-12-01
2019-11-22,2019,5,Fri,47,Nov,19,PCH,2019-12-01
2019-11-22,2019,5,Fri,47,Nov,26,ZIL,2019-12-01
2019-11-22,2019,5,Fri,47,Nov,26,RAV,2019-12-01
2019-11-22,2019,5,Fri,47,Nov,85,LAG,2019-12-01
2019-11-22,2019,5,Fri,47,Nov,15,REC,2019-12-01
2019-11-22,2019,5,Fri,47,Nov,2,TRO,2019-12-01
2019-11-22,2019,5,Fri,47,Nov,10,EBA,2019-12-01
2019-11-25,2019,1,Mon,48,Nov,7,FRI,2019-12-01
2019-11-25,2019,1,Mon,48,Nov,15,RAV,2019-12-01
2019-11-25,2019,1,Mon,48,Nov,5,CDM,2019-12-01
2019-11-25,2019,1,Mon,48,Nov,14,ZIL,2019-12-01
2019-11-25,2019,1,Mon,48,Nov,6,LAG,2019-12-01
2019-11-25,2019,1,Mon,48,Nov,24,TRO,2019-12-01
2019-11-25,2019,1,Mon,48,Nov,19,PCH,2019-12-01
2019-11-26,2019,2,Tue,48,Nov,62,LAG,2019-12-01
2019-11-26,2019,2,Tue,48,Nov,31,CDM,2019-12-01
2019-11-26,2019,2,Tue,48,Nov,36,ZIL,2019-12-01
2019-11-26,2019,2,Tue,48,Nov,9,EBA,2019-12-01
2019-11-26,2019,2,Tue,48,Nov,8,FRI,2019-12-01
2019-11-26,2019,2,Tue,48,Nov,19,RAV,2019-12-01
2019-11-26,2019,2,Tue,48,Nov,2,REC,2019-12-01
2019-11-27,2019,3,Wed,48,Nov,12,RAV,2019-12-01
2019-11-27,2019,3,Wed,48,Nov,2,CDM,2019-12-01
2019-11-27,2019,3,Wed,48,Nov,7,EBA,2019-12-01
2019-11-27,2019,3,Wed,48,Nov,24,PCH,2019-12-01
2019-11-27,2019,3,Wed,48,Nov,6,TRO,2019-12-01
2019-11-28,2019,4,Thu,48,Nov,17,LAG,2019-12-01
2019-11-28,2019,4,Thu,48,Nov,9,TRO,2019-12-01
2019-11-28,2019,4,Thu,48,Nov,1,CDM,2019-12-01
2019-11-28,2019,4,Thu,48,Nov,23,ZIL,2019-12-01
2019-11-28,2019,4,Thu,48,Nov,6,FRI,2019-12-01
2019-11-28,2019,4,Thu,48,Nov,3,PCH,2019-12-01
2019-11-28,2019,4,Thu,48,Nov,49,RAV,2019-12-01
2019-11-28,2019,4,Thu,48,Nov,14,REC,2019-12-01
2019-11-29,2019,5,Fri,48,Nov,8,REC,2019-12-01
2019-11-29,2019,5,Fri,48,Nov,51,ZIL,2019-12-01
2019-11-29,2019,5,Fri,48,Nov,2,CDM,2019-12-01
2019-11-29,2019,5,Fri,48,Nov,3,FRI,2019-12-01
2019-11-29,2019,5,Fri,48,Nov,3,PCH,2019-12-01
2019-11-29,2019,5,Fri,48,Nov,15,RAV,2019-12-01
2019-11-29,2019,5,Fri,48,Nov,16,LAG,2019-12-01
2019-11-29,2019,5,Fri,48,Nov,4,TRO,2019-12-01
2019-12-02,2019,1,Mon,49,Dec,4,FRI,2019-12-01
2019-12-02,2019,1,Mon,49,Dec,5,EBA,2019-12-01
2019-12-02,2019,1,Mon,49,Dec,8,LAG,2019-12-01
2019-12-02,2019,1,Mon,49,Dec,3,REC,2019-12-01
2019-12-02,2019,1,Mon,49,Dec,18,TRO,2019-12-01
2019-12-02,2019,1,Mon,49,Dec,29,RAV,2019-12-01
2019-12-02,2019,1,Mon,49,Dec,10,PCH,2019-12-01
2019-12-02,2019,1,Mon,49,Dec,35,ZIL,2019-12-01
2019-12-03,2019,2,Tue,49,Dec,4,CDM,2019-12-01
2019-12-03,2019,2,Tue,49,Dec,8,PCH,2019-12-01
2019-12-03,2019,2,Tue,49,Dec,5,EBA,2019-12-01
2019-12-03,2019,2,Tue,49,Dec,3,LAG,2019-12-01
2019-12-03,2019,2,Tue,49,Dec,14,REC,2019-12-01
2019-12-03,2019,2,Tue,49,Dec,17,TRO,2019-12-01
2019-12-03,2019,2,Tue,49,Dec,11,ZIL,2019-12-01
2019-12-03,2019,2,Tue,49,Dec,11,FRI,2019-12-01
2019-12-03,2019,2,Tue,49,Dec,20,RAV,2019-12-01
2019-12-04,2019,3,Wed,49,Dec,6,FRI,2019-12-01
2019-12-04,2019,3,Wed,49,Dec,14,RAV,2019-12-01
2019-12-04,2019,3,Wed,49,Dec,7,REC,2019-12-01
2019-12-04,2019,3,Wed,49,Dec,3,EBA,2019-12-01
2019-12-04,2019,3,Wed,49,Dec,3,CDM,2019-12-01
2019-12-04,2019,3,Wed,49,Dec,15,ZIL,2019-12-01
2019-12-04,2019,3,Wed,49,Dec,21,LAG,2019-12-01
2019-12-04,2019,3,Wed,49,Dec,6,PCH,2019-12-01
2019-12-04,2019,3,Wed,49,Dec,5,TRO,2019-12-01
2019-12-05,2019,4,Thu,49,Dec,41,LAG,2019-12-01
2019-12-05,2019,4,Thu,49,Dec,3,TRO,2019-12-01
2019-12-05,2019,4,Thu,49,Dec,13,EBA,2019-12-01
2019-12-05,2019,4,Thu,49,Dec,2,FRI,2019-12-01
2019-12-05,2019,4,Thu,49,Dec,11,CDM,2019-12-01
2019-12-05,2019,4,Thu,49,Dec,17,RAV,2019-12-01
2019-12-06,2019,5,Fri,49,Dec,5,RAV,2019-12-01
2019-12-06,2019,5,Fri,49,Dec,7,REC,2019-12-01
2019-12-06,2019,5,Fri,49,Dec,2,FRI,2019-12-01
2019-12-06,2019,5,Fri,49,Dec,6,CDM,2019-12-01
2019-12-06,2019,5,Fri,49,Dec,11,ZIL,2019-12-01
2019-12-06,2019,5,Fri,49,Dec,2,EBA,2019-12-01
2019-12-06,2019,5,Fri,49,Dec,23,LAG,2019-12-01
2019-12-06,2019,5,Fri,49,Dec,16,TRO,2019-12-01
2019-12-09,2019,1,Mon,50,Dec,10,FRI,2019-12-01
2019-12-09,2019,1,Mon,50,Dec,9,RAV,2019-12-01
2019-12-09,2019,1,Mon,50,Dec,2,LAG,2019-12-01
2019-12-09,2019,1,Mon,50,Dec,3,TRO,2019-12-01
2019-12-09,2019,1,Mon,50,Dec,10,PCH,2019-12-01
2019-12-09,2019,1,Mon,50,Dec,29,ZIL,2019-12-01
2019-12-10,2019,2,Tue,50,Dec,3,CDM,2019-12-01
2019-12-10,2019,2,Tue,50,Dec,5,PCH,2019-12-01
2019-12-10,2019,2,Tue,50,Dec,16,ZIL,2019-12-01
2019-12-10,2019,2,Tue,50,Dec,23,RAV,2019-12-01
2019-12-10,2019,2,Tue,50,Dec,22,LAG,2019-12-01
2019-12-10,2019,2,Tue,50,Dec,2,TRO,2019-12-01
2019-12-10,2019,2,Tue,50,Dec,1,FRI,2019-12-01
2019-12-11,2019,3,Wed,50,Dec,2,FRI,2019-12-01
2019-12-11,2019,3,Wed,50,Dec,31,ZIL,2019-12-01
2019-12-11,2019,3,Wed,50,Dec,7,EBA,2019-12-01
2019-12-11,2019,3,Wed,50,Dec,31,LAG,2019-12-01
2019-12-11,2019,3,Wed,50,Dec,1,TRO,2019-12-01
2019-12-11,2019,3,Wed,50,Dec,4,PCH,2019-12-01
2019-12-12,2019,4,Thu,50,Dec,4,LAG,2019-12-01
2019-12-12,2019,4,Thu,50,Dec,3,PCH,2019-12-01
2019-12-12,2019,4,Thu,50,Dec,43,CDM,2019-12-01
2019-12-12,2019,4,Thu,50,Dec,11,ZIL,2019-12-01
2019-12-12,2019,4,Thu,50,Dec,36,EBA,2019-12-01
2019-12-12,2019,4,Thu,50,Dec,4,TRO,2019-12-01
2019-12-12,2019,4,Thu,50,Dec,11,FRI,2019-12-01
2019-12-12,2019,4,Thu,50,Dec,29,RAV,2019-12-01
2019-12-12,2019,4,Thu,50,Dec,9,REC,2019-12-01
2019-12-13,2019,5,Fri,50,Dec,24,RAV,2019-12-01
2019-12-13,2019,5,Fri,50,Dec,4,ZIL,2019-12-01
2019-12-13,2019,5,Fri,50,Dec,15,EBA,2019-12-01
2019-12-13,2019,5,Fri,50,Dec,17,PCH,2019-12-01
2019-12-13,2019,5,Fri,50,Dec,9,LAG,2019-12-01
2019-12-13,2019,5,Fri,50,Dec,5,TRO,2019-12-01
2019-12-16,2019,1,Mon,51,Dec,18,EBA,2019-12-01
2019-12-16,2019,1,Mon,51,Dec,27,LAG,2019-12-01
2019-12-16,2019,1,Mon,51,Dec,11,TRO,2019-12-01
2019-12-16,2019,1,Mon,51,Dec,10,FRI,2019-12-01
2019-12-16,2019,1,Mon,51,Dec,30,RAV,2019-12-01
2019-12-16,2019,1,Mon,51,Dec,3,CDM,2019-12-01
2019-12-16,2019,1,Mon,51,Dec,6,REC,2019-12-01
2019-12-16,2019,1,Mon,51,Dec,3,ZIL,2019-12-01
2019-12-17,2019,2,Tue,51,Dec,3,CDM,2019-12-01
2019-12-17,2019,2,Tue,51,Dec,12,ZIL,2019-12-01
2019-12-17,2019,2,Tue,51,Dec,5,LAG,2019-12-01
2019-12-17,2019,2,Tue,51,Dec,11,EBA,2019-12-01
2019-12-17,2019,2,Tue,51,Dec,2,FRI,2019-12-01
2019-12-17,2019,2,Tue,51,Dec,13,PCH,2019-12-01
2019-12-17,2019,2,Tue,51,Dec,38,RAV,2019-12-01
2019-12-18,2019,3,Wed,51,Dec,5,LAG,2019-12-01
2019-12-18,2019,3,Wed,51,Dec,1,REC,2019-12-01
2019-12-18,2019,3,Wed,51,Dec,2,FRI,2019-12-01
2019-12-18,2019,3,Wed,51,Dec,51,RAV,2019-12-01
2019-12-18,2019,3,Wed,51,Dec,3,CDM,2019-12-01
2019-12-18,2019,3,Wed,51,Dec,16,ZIL,2019-12-01
2019-12-19,2019,4,Thu,51,Dec,6,CDM,2019-12-01
2019-12-19,2019,4,Thu,51,Dec,9,ZIL,2019-12-01
2019-12-19,2019,4,Thu,51,Dec,1,EBA,2019-12-01
2019-12-19,2019,4,Thu,51,Dec,1,LAG,2019-12-01
2019-12-19,2019,4,Thu,51,Dec,10,REC,2019-12-01
2019-12-19,2019,4,Thu,51,Dec,1,FRI,2019-12-01
2019-12-19,2019,4,Thu,51,Dec,5,RAV,2019-12-01
2019-12-20,2019,5,Fri,51,Dec,1,FRI,2019-12-01
2019-12-20,2019,5,Fri,51,Dec,5,RAV,2019-12-01
2019-12-20,2019,5,Fri,51,Dec,2,EBA,2019-12-01
2019-12-20,2019,5,Fri,51,Dec,6,LAG,2019-12-01
2019-12-20,2019,5,Fri,51,Dec,18,TRO,2019-12-01
2019-12-20,2019,5,Fri,51,Dec,9,ZIL,2019-12-01
2019-12-20,2019,5,Fri,51,Dec,1,CDM,2019-12-01
2019-12-20,2019,5,Fri,51,Dec,8,PCH,2019-12-01
2019-12-23,2019,1,Mon,52,Dec,1,EBA,2019-12-01
2019-12-23,2019,1,Mon,52,Dec,30,TRO,2019-12-01
2019-12-23,2019,1,Mon,52,Dec,4,FRI,2019-12-01
2019-12-23,2019,1,Mon,52,Dec,3,PCH,2019-12-01
2019-12-23,2019,1,Mon,52,Dec,8,CDM,2019-12-01
2019-12-23,2019,1,Mon,52,Dec,6,ZIL,2019-12-01
2019-12-23,2019,1,Mon,52,Dec,15,RAV,2019-12-01
2019-12-23,2019,1,Mon,52,Dec,4,REC,2019-12-01
2019-12-24,2019,2,Tue,52,Dec,5,ZIL,2019-12-01
2019-12-24,2019,2,Tue,52,Dec,1,FRI,2019-12-01
2019-12-24,2019,2,Tue,52,Dec,16,PCH,2019-12-01
2019-12-24,2019,2,Tue,52,Dec,9,RAV,2019-12-01
2019-12-24,2019,2,Tue,52,Dec,9,CDM,2019-12-01
2019-12-24,2019,2,Tue,52,Dec,1,EBA,2019-12-01
2019-12-24,2019,2,Tue,52,Dec,26,LAG,2019-12-01
2019-12-24,2019,2,Tue,52,Dec,3,TRO,2019-12-01
2019-12-25,2019,3,Wed,52,Dec,2,EBA,2019-12-01
2019-12-25,2019,3,Wed,52,Dec,2,PCH,2019-12-01
2019-12-25,2019,3,Wed,52,Dec,1,RAV,2019-12-01
2019-12-26,2019,4,Thu,52,Dec,26,LAG,2019-12-01
2019-12-26,2019,4,Thu,52,Dec,1,TRO,2019-12-01
2019-12-26,2019,4,Thu,52,Dec,1,EBA,2019-12-01
2019-12-26,2019,4,Thu,52,Dec,6,RAV,2019-12-01
2019-12-26,2019,4,Thu,52,Dec,4,CDM,2019-12-01
2019-12-26,2019,4,Thu,52,Dec,10,PCH,2019-12-01
2019-12-26,2019,4,Thu,52,Dec,26,ZIL,2019-12-01
2019-12-27,2019,5,Fri,52,Dec,6,CDM,2019-12-01
2019-12-27,2019,5,Fri,52,Dec,9,PCH,2019-12-01
2019-12-27,2019,5,Fri,52,Dec,6,ZIL,2019-12-01
2019-12-27,2019,5,Fri,52,Dec,9,LAG,2019-12-01
2019-12-30,2019,1,Mon,53,Dec,11,CDM,2019-12-01
2019-12-30,2019,1,Mon,53,Dec,14,ZIL,2019-12-01
2019-12-30,2019,1,Mon,53,Dec,9,LAG,2019-12-01
2019-12-30,2019,1,Mon,53,Dec,6,TRO,2019-12-01
2019-12-30,2019,1,Mon,53,Dec,41,RAV,2019-12-01
2019-12-30,2019,1,Mon,53,Dec,7,REC,2019-12-01
2019-12-30,2019,1,Mon,53,Dec,3,EBA,2019-12-01
2019-12-30,2019,1,Mon,53,Dec,8,FRI,2019-12-01
2019-12-30,2019,1,Mon,53,Dec,5,PCH,2019-12-01
2019-12-31,2019,2,Tue,53,Dec,7,CDM,2019-12-01
2019-12-31,2019,2,Tue,53,Dec,4,ZIL,2019-12-01
2019-12-31,2019,2,Tue,53,Dec,8,RAV,2019-12-01
2019-12-31,2019,2,Tue,53,Dec,1,REC,2019-12-01
2019-12-31,2019,2,Tue,53,Dec,4,EBA,2019-12-01
2019-12-31,2019,2,Tue,53,Dec,6,LAG,2019-12-01
2019-12-31,2019,2,Tue,53,Dec,8,TRO,2019-12-01
2019-12-31,2019,2,Tue,53,Dec,5,FRI,2019-12-01
2019-12-31,2019,2,Tue,53,Dec,2,PCH,2019-12-01
